{"stats":{"minecraft:crafted":{"minecraft:oak_planks":16,"basicweapons:stone_club":1,"minecraft:charcoal":3,"minecraft:crafting_table":1,"minecraft:stick":8,"minecraft:wooden_pickaxe":1,"minecraft:stone_pickaxe":1,"minecraft:furnace":1,"minecraft:white_bed":1,"minecraft:torch":4,"minecraft:air":0},"minecraft:used":{"minecraft:stone_sword":14,"minecraft:chicken":2,"basicweapons:stone_club":10,"minecraft:stone_pickaxe":16,"minecraft:wooden_pickaxe":4,"minecraft:torch":7,"minecraft:dirt":22,"minecraft:crafting_table":2,"minecraft:furnace":2,"minecraft:white_bed":1},"minecraft:mined":{"minecraft:furnace":1,"minecraft:torch":2,"minecraft:crafting_table":2,"minecraft:grass":37,"minecraft:grass_block":7,"minecraft:oak_log":14,"minecraft:dirt":7,"minecraft:tall_grass":17,"minecraft:stone":19,"minecraft:oak_leaves":1,"minecraft:wall_torch":3},"minecraft:dropped":{"minecraft:charcoal":1,"minecraft:stone_pickaxe":1},"minecraft:killed_by":{"minecraft:player":1,"minecraft:skeleton":4,"minecraft:spider":1,"minecraft:zombie":2,"minecraft:enderman":1},"minecraft:custom":{"minecraft:time_since_rest":532,"minecraft:interact_with_furnace":4,"minecraft:sprint_one_cm":60443,"minecraft:damage_taken":2500,"minecraft:walk_one_cm":99447,"minecraft:mob_kills":14,"minecraft:drop":2,"minecraft:damage_dealt":1424,"minecraft:interact_with_crafting_table":11,"minecraft:fly_one_cm":54232,"minecraft:crouch_one_cm":1087,"minecraft:play_time":36285,"minecraft:deaths":9,"minecraft:sneak_time":319,"minecraft:jump":347,"minecraft:leave_game":3,"minecraft:time_since_death":17064,"minecraft:sleep_in_bed":1,"minecraft:total_world_time":36285,"minecraft:fall_one_cm":7964},"minecraft:picked_up":{"minecraft:crafting_table":2,"minecraft:feather":2,"minecraft:chicken":2,"minecraft:torch":5,"minecraft:porkchop":7,"minecraft:oak_log":14,"minecraft:dirt":23,"minecraft:string":2,"minecraft:stone_sword":1,"minecraft:wheat_seeds":6,"minecraft:stone_pickaxe":1,"minecraft:black_wool":1,"minecraft:mutton":7,"minecraft:white_wool":5,"minecraft:egg":2,"minecraft:cobblestone":19,"minecraft:furnace":1},"minecraft:killed":{"minecraft:sheep":6,"minecraft:skeleton":1,"minecraft:pig":4,"minecraft:chicken":1,"minecraft:spider":1,"wildlife:lark":1}},"DataVersion":3120}