{"stats":{"minecraft:killed":{"minecraft:skeleton":1},"minecraft:used":{"minecraft:dirt":1},"minecraft:killed_by":{"minecraft:skeleton":3,"minecraft:zombie":2,"minecraft:player":1,"minecraft:enderman":1},"minecraft:mined":{"minecraft:grass":1,"minecraft:grass_block":3,"minecraft:dirt":3,"minecraft:tall_grass":5},"minecraft:custom":{"minecraft:time_since_rest":3875,"minecraft:crouch_one_cm":561,"minecraft:play_time":12223,"minecraft:sprint_one_cm":10426,"minecraft:walk_one_cm":32284,"minecraft:damage_taken":2130,"minecraft:deaths":7,"minecraft:sneak_time":106,"minecraft:mob_kills":1,"minecraft:jump":81,"minecraft:damage_dealt":164,"minecraft:leave_game":1,"minecraft:time_since_death":3850,"minecraft:total_world_time":12223,"minecraft:fly_one_cm":11172,"minecraft:fall_one_cm":1639},"minecraft:picked_up":{"minecraft:wheat_seeds":1,"minecraft:dirt":6}},"DataVersion":3120}