{"stats":{"minecraft:mined":{"croptopia:bellpepper_crop":1,"minecraft:white_bed":1,"minecraft:cyan_terracotta":2,"minecraft:kelp_plant":1,"minecraft:basalt":1,"minecraft:crafting_table":4,"minecraft:torch":4,"minecraft:acacia_log":9,"minecraft:grass_block":19,"minecraft:tall_grass":17,"croptopia:broccoli_crop":2,"minecraft:spruce_leaves":5,"minecraft:kelp":1,"minecraft:wall_torch":3,"minecraft:seagrass":3,"minecraft:tall_seagrass":7,"minecraft:furnace":4,"byg:palm_log":7,"minecraft:birch_log":7,"minecraft:fire":2,"minecraft:spruce_log":6,"minecraft:birch_leaves":1,"minecraft:orange_tulip":2,"minecraft:grass":38,"minecraft:red_tulip":4,"minecraft:oak_log":34,"croptopia:salt_ore":2,"minecraft:sunflower":2,"minecraft:dirt":16,"minecraft:stone":45,"minecraft:white_tulip":1,"minecraft:polished_andesite":2,"minecraft:oak_leaves":15},"minecraft:used":{"minecraft:cooked_mutton":4,"minecraft:stone_sword":34,"minecraft:stone_pickaxe":36,"minecraft:wooden_pickaxe":20,"minecraft:cooked_chicken":1,"minecraft:torch":8,"minecraft:dirt":36,"paladins:holy_wand":2,"minecraft:crafting_table":3,"minecraft:white_bed":1,"minecraft:chicken":2,"basicweapons:stone_club":42,"minecraft:basalt":1,"wildlife:ant":2,"minecraft:furnace":4,"minecraft:oak_boat":3,"minecraft:golden_axe":21,"wildlife:cooked_goldfish":1},"minecraft:killed":{"wildlife:bluegill":1,"minecraft:pig":4,"wildlife:goldfish":1,"minecraft:spider":4,"wildlife:lark":1,"minecraft:slime":4,"minecraft:sheep":6,"minecraft:skeleton":1,"wildlife:catfish":1,"minecraft:zombie":7,"minecraft:chicken":2},"minecraft:killed_by":{"minecraft:player":1,"minecraft:skeleton":4,"minecraft:spider":1,"minecraft:zombie":4,"minecraft:enderman":1},"minecraft:custom":{"minecraft:interact_with_furnace":11,"minecraft:mob_kills":32,"minecraft:interact_with_crafting_table":17,"minecraft:leave_game":9,"minecraft:time_since_death":38553,"minecraft:sleep_in_bed":1,"minecraft:climb_one_cm":378,"minecraft:time_since_rest":48361,"minecraft:sprint_one_cm":140892,"minecraft:damage_taken":3355,"minecraft:walk_one_cm":183396,"minecraft:drop":3,"minecraft:damage_dealt":3565,"minecraft:swim_one_cm":42986,"minecraft:fly_one_cm":152438,"minecraft:open_chest":3,"minecraft:play_time":103766,"minecraft:crouch_one_cm":2700,"minecraft:deaths":11,"minecraft:sneak_time":1180,"minecraft:walk_under_water_one_cm":18482,"minecraft:boat_one_cm":151933,"minecraft:jump":928,"minecraft:walk_on_water_one_cm":18869,"minecraft:total_world_time":103766,"minecraft:fall_one_cm":26998},"minecraft:crafted":{"minecraft:oak_planks":36,"minecraft:crafting_table":2,"minecraft:wooden_pickaxe":2,"minecraft:cooked_chicken":1,"minecraft:furnace":2,"wildlife:cooked_goldfish":1,"minecraft:cooked_mutton":6,"minecraft:air":0,"minecraft:oak_boat":1,"basicweapons:stone_club":1,"minecraft:charcoal":9,"minecraft:stick":12,"minecraft:iron_ingot":1,"minecraft:stone_pickaxe":2,"minecraft:white_bed":1,"minecraft:torch":4},"minecraft:dropped":{"byg:biomepedia":1,"minecraft:charcoal":1,"minecraft:stone_pickaxe":1},"minecraft:picked_up":{"wildlife:raw_bluegill":1,"minecraft:birch_log":7,"minecraft:crafting_table":4,"minecraft:feather":2,"minecraft:basalt":1,"minecraft:chicken":3,"croptopia:broccoli_seed":2,"croptopia:broccoli":1,"wildlife:raw_goldfish":1,"minecraft:oak_log":34,"minecraft:dirt":45,"minecraft:string":5,"croptopia:bellpepper_seed":1,"minecraft:kelp":4,"minecraft:orange_tulip":2,"minecraft:wheat_seeds":8,"croptopia:bellpepper":1,"minecraft:white_tulip":1,"minecraft:stone_pickaxe":1,"minecraft:oak_boat":2,"minecraft:acacia_sapling":1,"minecraft:egg":6,"minecraft:furnace":4,"minecraft:stick":4,"minecraft:torch":7,"minecraft:acacia_log":9,"minecraft:porkchop":7,"minecraft:spruce_sapling":1,"minecraft:white_bed":1,"minecraft:spruce_log":6,"minecraft:spider_eye":2,"wildlife:raw_catfish":1,"minecraft:polished_andesite":1,"minecraft:stone_sword":1,"minecraft:rotten_flesh":6,"minecraft:slime_ball":3,"minecraft:red_tulip":4,"minecraft:cyan_terracotta":2,"byg:palm_log":7,"croptopia:salt":7,"minecraft:oak_sapling":6,"minecraft:black_wool":1,"minecraft:mutton":7,"minecraft:white_wool":5,"minecraft:cobblestone":45,"minecraft:sunflower":2}},"DataVersion":3120}