{"stats":{"minecraft:crafted":{"minecraft:oak_planks":36,"minecraft:cooked_chicken":1,"minecraft:furnace":2,"minecraft:cooked_mutton":6,"basicweapons:stone_club":1,"minecraft:stone_pickaxe":2,"minecraft:wheat":109,"minecraft:crafting_table":2,"minecraft:wooden_pickaxe":2,"wildlife:cooked_goldfish":1,"minecraft:bread":39,"minecraft:air":0,"minecraft:oak_boat":1,"minecraft:charcoal":9,"minecraft:stick":12,"minecraft:iron_ingot":1,"minecraft:white_bed":1,"minecraft:torch":4},"minecraft:used":{"minecraft:stone_sword":34,"minecraft:cooked_chicken":1,"minecraft:torch":10,"minecraft:dirt":36,"croptopia:broccoli":1,"minecraft:basalt":1,"minecraft:furnace":4,"minecraft:golden_axe":42,"minecraft:cooked_mutton":4,"minecraft:stone_pickaxe":60,"minecraft:wooden_pickaxe":20,"paladins:holy_wand":2,"minecraft:crafting_table":4,"minecraft:white_bed":2,"croptopia:kale":1,"basicweapons:stone_club":42,"minecraft:chicken":2,"minecraft:bread":5,"wildlife:ant":2,"croptopia:bellpepper":1,"minecraft:yellow_bed":1,"minecraft:oak_boat":3,"minecraft:kelp":1,"wildlife:cooked_goldfish":1},"minecraft:mined":{"croptopia:bellpepper_crop":1,"byg:clover_patch":1,"minecraft:white_bed":2,"croptopia:kale_crop":1,"byg:yellow_daffodil":1,"minecraft:brewing_stand":1,"minecraft:acacia_log":9,"minecraft:grass_block":19,"minecraft:spruce_leaves":5,"minecraft:kelp":2,"minecraft:hay_block":13,"minecraft:tall_seagrass":7,"minecraft:furnace":4,"minecraft:fire":2,"mythicmetals:tin_ore":3,"minecraft:red_tulip":4,"byg:white_mushroom_stem":2,"minecraft:white_tulip":1,"minecraft:stone":47,"byg:fairy_slipper":1,"minecraft:cyan_terracotta":2,"minecraft:kelp_plant":1,"minecraft:basalt":1,"minecraft:crafting_table":5,"minecraft:torch":5,"croptopia:broccoli_crop":2,"minecraft:tall_grass":17,"minecraft:wall_torch":6,"byg:ebony_leaves":5,"minecraft:seagrass":3,"byg:soapstone":1,"byg:palm_log":7,"minecraft:birch_log":7,"byg:horseweed":1,"byg:ebony_log":6,"minecraft:spruce_log":6,"minecraft:birch_leaves":1,"minecraft:orange_tulip":2,"minecraft:yellow_bed":1,"minecraft:grass":39,"minecraft:coal_ore":16,"minecraft:oak_log":46,"croptopia:salt_ore":2,"minecraft:sunflower":2,"minecraft:dirt":16,"minecraft:stonecutter":1,"minecraft:polished_andesite":2,"minecraft:oak_leaves":17},"minecraft:killed_by":{"minecraft:player":1,"minecraft:spider":1,"minecraft:enderman":1,"minecraft:skeleton":4,"minecraft:zombie":4},"minecraft:custom":{"minecraft:mob_kills":34,"minecraft:interact_with_crafting_table":19,"minecraft:leave_game":10,"minecraft:time_since_death":56435,"minecraft:climb_one_cm":2522,"minecraft:sprint_one_cm":186736,"minecraft:walk_one_cm":243381,"minecraft:drop":14,"minecraft:talked_to_villager":1,"minecraft:deaths":11,"minecraft:play_time":121648,"minecraft:sneak_time":1218,"minecraft:walk_under_water_one_cm":32015,"minecraft:boat_one_cm":152493,"minecraft:interact_with_brewingstand":1,"minecraft:jump":1237,"minecraft:interact_with_blast_furnace":1,"minecraft:walk_on_water_one_cm":50984,"minecraft:total_world_time":121648,"minecraft:interact_with_furnace":11,"minecraft:interact_with_stonecutter":1,"minecraft:sleep_in_bed":2,"minecraft:time_since_rest":8463,"minecraft:damage_taken":3445,"minecraft:damage_dealt":3625,"minecraft:swim_one_cm":68717,"minecraft:fly_one_cm":214641,"minecraft:open_chest":6,"minecraft:crouch_one_cm":2713,"minecraft:fall_one_cm":35446},"minecraft:dropped":{"byg:biomepedia":1,"minecraft:wheat_seeds":1,"byg:horseweed":1,"byg:fairy_slipper":1,"minecraft:stick":1,"croptopia:kale_seed":1,"byg:yellow_daffodil":1,"croptopia:broccoli_seed":6,"minecraft:charcoal":1,"minecraft:oak_boat":1,"minecraft:stone_pickaxe":1},"minecraft:killed":{"minecraft:spider":4,"minecraft:slime":4,"minecraft:skeleton":1,"wildlife:catfish":1,"minecraft:chicken":2,"wildlife:anglerfish":2,"wildlife:bluegill":1,"minecraft:pig":4,"wildlife:goldfish":1,"wildlife:lark":1,"minecraft:sheep":6,"minecraft:zombie":7},"minecraft:picked_up":{"minecraft:crafting_table":5,"byg:soapstone":1,"minecraft:wheat":8,"minecraft:chicken":3,"croptopia:kale":1,"croptopia:broccoli":1,"minecraft:brewing_stand":1,"minecraft:string":5,"byg:horseweed":1,"croptopia:bellpepper_seed":1,"minecraft:white_tulip":1,"minecraft:oak_boat":3,"minecraft:furnace":4,"minecraft:egg":6,"byg:yellow_daffodil":1,"minecraft:stick":5,"minecraft:acacia_log":9,"minecraft:torch":11,"wildlife:raw_anglerfish":2,"minecraft:porkchop":7,"mythicmetals:raw_tin":4,"wildlife:raw_catfish":1,"minecraft:stone_sword":1,"minecraft:rotten_flesh":6,"minecraft:hay_block":18,"minecraft:red_tulip":4,"minecraft:cyan_terracotta":2,"byg:palm_log":7,"croptopia:salt":7,"minecraft:mutton":7,"minecraft:cobblestone":47,"minecraft:white_wool":5,"wildlife:raw_bluegill":1,"minecraft:birch_log":7,"minecraft:feather":2,"minecraft:basalt":1,"croptopia:broccoli_seed":6,"wildlife:raw_goldfish":1,"minecraft:oak_log":46,"minecraft:yellow_bed":1,"minecraft:dirt":45,"minecraft:kelp":5,"byg:ebony_log":6,"minecraft:stonecutter":1,"minecraft:wheat_seeds":9,"minecraft:orange_tulip":2,"minecraft:stone_pickaxe":1,"croptopia:bellpepper":1,"croptopia:kale_seed":1,"minecraft:acacia_sapling":1,"byg:fairy_slipper":1,"minecraft:spruce_sapling":1,"minecraft:white_bed":2,"minecraft:spruce_log":6,"minecraft:spider_eye":2,"minecraft:polished_andesite":1,"minecraft:slime_ball":3,"minecraft:oak_sapling":7,"minecraft:black_wool":1,"minecraft:coal":16,"minecraft:sunflower":2}},"DataVersion":3120}