{"stats":{"minecraft:killed_by":{"minecraft:player":1,"minecraft:cave_spider":1,"minecraft:skeleton":1},"minecraft:picked_up":{"minecraft:crafting_table":1,"byg:soapstone":2,"croptopia:peach":5,"minecraft:leather":8,"runes:crafting_altar":1,"minecraft:potion":1,"minecraft:oak_log":5,"minecraft:brewing_stand":1,"minecraft:dirt":4,"minecraft:string":1,"wizards:wand_novice":1,"minecraft:item_frame":4,"minecraft:bone":1,"minecraft:stone_bricks":1,"minecraft:wheat_seeds":8,"minecraft:beef":15,"minecraft:calcite":3,"minecraft:glowstone_dust":1,"minecraft:chest":1,"minecraft:oak_planks":11,"minecraft:egg":1,"minecraft:furnace":3,"minecraft:book":24,"minecraft:raw_iron":2,"minecraft:smooth_basalt":7,"runes:arcane_stone":1,"minecraft:torch":2,"runes:fire_stone":1,"minecraft:porkchop":2,"minecraft:white_bed":1,"byg:biomepedia":2,"minecraft:rotten_flesh":8,"runes:frost_stone":2,"minecraft:hay_block":7,"minecraft:mutton":4,"minecraft:skeleton_skull":1,"minecraft:white_wool":3,"minecraft:coal":10,"minecraft:cobblestone":57,"minecraft:rail":1},"minecraft:used":{"minecraft:stone_pickaxe":55,"minecraft:oak_planks":2,"minecraft:wooden_pickaxe":33,"minecraft:rotten_flesh":2,"minecraft:dirt":4,"minecraft:mutton":2,"minecraft:crafting_table":2,"wizards:wand_novice":1,"minecraft:white_bed":1,"minecraft:wooden_axe":34,"paladins:golden_claymore":5,"basicweapons:stone_club":49,"croptopia:toast":7,"croptopia:peach":2,"minecraft:beef":3,"minecraft:furnace":2,"minecraft:porkchop":2,"minecraft:egg":1},"minecraft:mined":{"minecraft:white_bed":1,"minecraft:brewing_stand":1,"minecraft:crafting_table":1,"minecraft:torch":1,"minecraft:grass_block":3,"minecraft:calcite":2,"minecraft:chest":1,"minecraft:tall_grass":9,"minecraft:cobblestone":2,"minecraft:oak_planks":6,"minecraft:wall_torch":1,"minecraft:skeleton_skull":1,"minecraft:hay_block":7,"byg:soapstone":3,"minecraft:furnace":3,"runes:crafting_altar":1,"minecraft:iron_ore":2,"byg:prairie_grass":1,"croptopia:peach_crop":4,"minecraft:grass":32,"minecraft:bookshelf":4,"minecraft:oak_log":5,"minecraft:coal_ore":11,"minecraft:dirt":3,"minecraft:smooth_basalt":7,"minecraft:stone":55,"minecraft:stone_bricks":1,"minecraft:oak_leaves":10,"byg:tall_prairie_grass":2},"minecraft:custom":{"minecraft:interact_with_furnace":11,"minecraft:mob_kills":24,"minecraft:interact_with_crafting_table":4,"minecraft:open_barrel":2,"minecraft:leave_game":2,"minecraft:time_since_death":20393,"minecraft:sleep_in_bed":2,"minecraft:climb_one_cm":15222,"minecraft:time_since_rest":13585,"minecraft:sprint_one_cm":209569,"minecraft:damage_taken":1283,"minecraft:walk_one_cm":216342,"minecraft:drop":21,"minecraft:damage_dealt":4447,"minecraft:swim_one_cm":14350,"minecraft:talked_to_villager":1,"minecraft:fly_one_cm":249632,"minecraft:player_kills":1,"minecraft:open_chest":3,"minecraft:play_time":61949,"minecraft:crouch_one_cm":3660,"minecraft:deaths":3,"minecraft:sneak_time":987,"minecraft:walk_under_water_one_cm":3018,"minecraft:jump":1411,"minecraft:walk_on_water_one_cm":10715,"minecraft:total_world_time":61949,"minecraft:fall_one_cm":33342},"minecraft:killed":{"minecraft:pig":1,"minecraft:witch":1,"minecraft:spider":2,"minecraft:sheep":3,"minecraft:skeleton":1,"minecraft:zombie":9,"minecraft:player":1,"minecraft:cow":7},"minecraft:crafted":{"minecraft:oak_planks":20,"minecraft:crafting_table":1,"minecraft:wooden_pickaxe":1,"croptopia:toast":21,"minecraft:bread":21,"minecraft:air":0,"basicweapons:stone_club":1,"minecraft:stick":8,"minecraft:stone_pickaxe":1,"minecraft:wooden_axe":1,"minecraft:white_bed":1,"minecraft:wheat":63},"minecraft:dropped":{"byg:biomepedia":2,"minecraft:wheat_seeds":8,"minecraft:rotten_flesh":2,"minecraft:book":12,"minecraft:glowstone_dust":1,"minecraft:stick":1,"byg:soapstone":2,"minecraft:stone_bricks":1,"croptopia:peach":3,"minecraft:calcite":3,"minecraft:string":1,"minecraft:bone":1}},"DataVersion":3120}