{"stats":{"minecraft:crafted":{"minecraft:oak_planks":20,"minecraft:stone_shovel":1,"minecraft:crafting_table":1,"minecraft:wooden_pickaxe":1,"croptopia:toast":21,"minecraft:birch_planks":28,"minecraft:stone_axe":1,"minecraft:bread":21,"minecraft:air":0,"byg:palm_planks":32,"basicweapons:stone_club":1,"minecraft:stick":64,"minecraft:stone_pickaxe":1,"minecraft:wooden_axe":1,"minecraft:chest":2,"minecraft:white_bed":1,"minecraft:wheat":63},"minecraft:used":{"minecraft:stone_shovel":122,"minecraft:stone_pickaxe":65,"minecraft:oak_planks":2,"minecraft:chest":2,"minecraft:wooden_pickaxe":33,"minecraft:rotten_flesh":2,"minecraft:dirt":4,"minecraft:mutton":2,"minecraft:crafting_table":2,"wizards:wand_novice":1,"minecraft:white_bed":2,"minecraft:wooden_axe":41,"byg:crocus":1,"paladins:golden_claymore":9,"basicweapons:stone_club":49,"minecraft:stone_axe":14,"croptopia:toast":11,"croptopia:peach":2,"minecraft:beef":3,"minecraft:furnace":3,"minecraft:porkchop":2,"wildlife:crab":1,"byg:palm_planks":6,"minecraft:egg":1},"minecraft:broken":{"minecraft:wooden_axe":1},"minecraft:mined":{"byg:palm_planks":6,"minecraft:white_bed":2,"minecraft:brewing_stand":1,"minecraft:crafting_table":1,"minecraft:torch":1,"minecraft:grass_block":3,"minecraft:calcite":2,"minecraft:chest":1,"minecraft:tall_grass":9,"minecraft:cobblestone":2,"minecraft:oak_planks":6,"minecraft:wall_torch":1,"minecraft:skeleton_skull":1,"minecraft:hay_block":7,"byg:soapstone":3,"byg:crocus":1,"minecraft:furnace":3,"byg:palm_log":8,"minecraft:birch_log":7,"runes:crafting_altar":1,"minecraft:iron_ore":9,"byg:prairie_grass":1,"croptopia:peach_crop":4,"minecraft:grass":32,"minecraft:bookshelf":4,"minecraft:oak_log":5,"minecraft:coal_ore":14,"minecraft:sand":130,"minecraft:dirt":3,"minecraft:smooth_basalt":7,"minecraft:stone":55,"minecraft:stone_bricks":1,"byg:white_puffball":2,"minecraft:oak_leaves":10,"byg:tall_prairie_grass":2},"minecraft:killed_by":{"minecraft:player":1,"minecraft:cave_spider":1,"minecraft:skeleton":1},"minecraft:custom":{"minecraft:interact_with_furnace":12,"minecraft:mob_kills":26,"minecraft:interact_with_crafting_table":4,"minecraft:open_barrel":2,"minecraft:leave_game":4,"minecraft:time_since_death":37860,"minecraft:sleep_in_bed":3,"minecraft:climb_one_cm":15592,"minecraft:time_since_rest":8463,"minecraft:sprint_one_cm":321299,"minecraft:damage_taken":1363,"minecraft:walk_one_cm":263710,"minecraft:drop":21,"minecraft:damage_dealt":4647,"minecraft:swim_one_cm":54704,"minecraft:talked_to_villager":1,"minecraft:fly_one_cm":439434,"minecraft:player_kills":1,"minecraft:open_chest":15,"minecraft:play_time":79416,"minecraft:crouch_one_cm":3660,"minecraft:deaths":3,"minecraft:sneak_time":1009,"minecraft:walk_under_water_one_cm":6109,"minecraft:jump":2101,"minecraft:walk_on_water_one_cm":19886,"minecraft:total_world_time":79416,"minecraft:fall_one_cm":53738},"minecraft:dropped":{"byg:biomepedia":2,"minecraft:wheat_seeds":8,"minecraft:rotten_flesh":2,"minecraft:book":12,"minecraft:glowstone_dust":1,"minecraft:stick":1,"byg:soapstone":2,"minecraft:stone_bricks":1,"croptopia:peach":3,"minecraft:calcite":3,"minecraft:string":1,"minecraft:bone":1},"minecraft:killed":{"minecraft:pig":2,"minecraft:witch":1,"minecraft:spider":2,"minecraft:sheep":3,"minecraft:skeleton":1,"minecraft:zombie":9,"minecraft:player":1,"minecraft:cow":8},"minecraft:picked_up":{"minecraft:birch_log":7,"minecraft:crafting_table":1,"byg:soapstone":2,"croptopia:peach":5,"minecraft:leather":9,"runes:crafting_altar":1,"minecraft:potion":1,"minecraft:oak_log":5,"minecraft:brewing_stand":1,"byg:crocus":1,"minecraft:dirt":4,"minecraft:string":1,"wizards:wand_novice":1,"minecraft:item_frame":4,"byg:palm_sapling":3,"minecraft:bone":1,"minecraft:stone_bricks":1,"minecraft:wheat_seeds":8,"minecraft:beef":18,"minecraft:calcite":3,"minecraft:glowstone_dust":1,"minecraft:birch_sapling":3,"minecraft:chest":1,"minecraft:oak_planks":11,"minecraft:stick":3,"minecraft:egg":1,"minecraft:furnace":3,"minecraft:book":24,"minecraft:raw_iron":9,"minecraft:smooth_basalt":7,"runes:arcane_stone":1,"minecraft:torch":2,"runes:fire_stone":1,"minecraft:porkchop":2,"minecraft:sand":130,"minecraft:white_bed":2,"byg:palm_planks":6,"byg:biomepedia":2,"minecraft:rotten_flesh":8,"runes:frost_stone":2,"minecraft:hay_block":7,"byg:palm_log":8,"minecraft:mutton":4,"minecraft:skeleton_skull":1,"minecraft:white_wool":3,"minecraft:coal":13,"minecraft:cobblestone":57,"minecraft:rail":1}},"DataVersion":3120}