{"stats":{"minecraft:dropped":{"minecraft:rotten_flesh":1,"minecraft:wheat_seeds":2},"minecraft:used":{"minecraft:dirt":4},"minecraft:killed_by":{"minecraft:skeleton":1},"minecraft:mined":{"minecraft:grass":3,"minecraft:grass_block":1,"minecraft:dirt":3,"minecraft:tall_grass":2},"minecraft:custom":{"minecraft:time_since_rest":7432,"minecraft:crouch_one_cm":1375,"minecraft:play_time":15810,"minecraft:sprint_one_cm":38687,"minecraft:walk_one_cm":35986,"minecraft:damage_taken":365,"minecraft:deaths":1,"minecraft:sneak_time":296,"minecraft:drop":3,"minecraft:jump":371,"minecraft:damage_dealt":148,"minecraft:leave_game":1,"minecraft:time_since_death":7404,"minecraft:total_world_time":15810,"minecraft:fall_one_cm":9089,"minecraft:fly_one_cm":68849},"minecraft:picked_up":{"minecraft:rotten_flesh":2,"minecraft:wheat_seeds":2,"minecraft:dirt":4}},"DataVersion":3120}