{"stats":{"minecraft:killed":{"minecraft:player":1},"minecraft:custom":{"minecraft:time_since_rest":324,"minecraft:crouch_one_cm":1451,"minecraft:sprint_one_cm":40730,"minecraft:play_time":19552,"minecraft:deaths":2,"minecraft:damage_taken":453,"minecraft:walk_one_cm":66723,"minecraft:sneak_time":305,"minecraft:drop":7,"minecraft:jump":528,"minecraft:damage_dealt":245,"minecraft:leave_game":1,"minecraft:time_since_death":293,"minecraft:total_world_time":19552,"minecraft:player_kills":1,"minecraft:fall_one_cm":13942,"minecraft:fly_one_cm":73655},"minecraft:picked_up":{"minecraft:rotten_flesh":2,"minecraft:wheat_seeds":8,"minecraft:dirt":4,"minecraft:egg":1},"minecraft:mined":{"minecraft:grass":22,"minecraft:grass_block":1,"minecraft:dirt":3,"minecraft:tall_grass":6},"minecraft:dropped":{"minecraft:rotten_flesh":1,"minecraft:wheat_seeds":6},"minecraft:used":{"minecraft:dirt":4,"minecraft:egg":1},"minecraft:killed_by":{"minecraft:skeleton":1,"minecraft:player":1}},"DataVersion":3120}