{"stats":{"minecraft:crafted":{"minecraft:oak_planks":200,"minecraft:furnace":1,"minecraft:cooked_mutton":5,"minecraft:spruce_stairs":4,"basicweapons:stone_club":1,"minecraft:iron_boots":1,"minecraft:stone_pickaxe":1,"minecraft:chest":4,"minecraft:stone_hoe":1,"minecraft:cooked_cod":2,"minecraft:cooked_porkchop":3,"minecraft:crafting_table":3,"minecraft:spruce_planks":100,"minecraft:baked_potato":3,"minecraft:spruce_door":3,"minecraft:cooked_salmon":2,"minecraft:stone_axe":2,"minecraft:air":0,"minecraft:oak_boat":1,"minecraft:charcoal":11,"minecraft:shield":1,"minecraft:stick":16,"minecraft:stone_sword":2,"minecraft:white_bed":1,"minecraft:torch":8,"basicweapons:wooden_club":1},"minecraft:used":{"minecraft:stone_sword":26,"minecraft:chest":4,"minecraft:spruce_planks":59,"minecraft:stone_hoe":27,"minecraft:rotten_flesh":2,"minecraft:torch":4,"minecraft:dirt":35,"minecraft:spyglass":1,"minecraft:mutton":2,"minecraft:spruce_stairs":6,"minecraft:carrot":10,"croptopia:raspberry":1,"basicweapons:wooden_club":10,"minecraft:iron_boots":1,"minecraft:item_frame":5,"minecraft:sweet_berries":3,"minecraft:furnace":4,"minecraft:oak_sapling":1,"wildlife:crab":1,"croptopia:squash":1,"minecraft:egg":2,"minecraft:potato":14,"minecraft:cooked_mutton":5,"minecraft:water_bucket":5,"minecraft:spruce_door":1,"minecraft:stone_pickaxe":96,"minecraft:baked_potato":3,"minecraft:oak_planks":144,"wildlife:bluebird":1,"croptopia:rutabaga":2,"minecraft:crafting_table":6,"minecraft:white_bed":4,"minecraft:oak_log":4,"basicweapons:stone_club":6,"byg:soapstone":1,"minecraft:gravel":1,"minecraft:stone_axe":133,"wildlife:ant":1,"minecraft:cooked_porkchop":3,"minecraft:bucket":5,"minecraft:oak_boat":5,"wildlife:white_eye":1},"minecraft:broken":{"minecraft:stone_axe":1},"minecraft:mined":{"minecraft:spruce_planks":19,"minecraft:white_bed":3,"minecraft:granite":2,"minecraft:allium":2,"minecraft:grass_block":33,"byg:crocus":1,"minecraft:furnace":3,"minecraft:carrots":5,"minecraft:andesite":2,"croptopia:blueberry_crop":1,"croptopia:squash_crop":1,"minecraft:potatoes":4,"minecraft:stone":35,"byg:white_puffball":2,"minecraft:cornflower":1,"minecraft:crafting_table":3,"croptopia:raspberry_crop":1,"minecraft:tall_grass":3,"minecraft:copper_ore":5,"minecraft:oak_planks":15,"minecraft:diorite":6,"minecraft:spruce_stairs":3,"byg:pink_anemone":1,"byg:soapstone":1,"minecraft:birch_log":10,"minecraft:spruce_log":13,"byg:leaf_pile":1,"minecraft:birch_leaves":2,"minecraft:grass":25,"minecraft:coal_ore":40,"minecraft:oak_log":65,"croptopia:celery_crop":1,"minecraft:gravel":7,"minecraft:dirt":32,"croptopia:rutabaga_crop":2,"minecraft:cobweb":1,"minecraft:oak_leaves":52,"minecraft:fern":1},"minecraft:killed_by":{"minecraft:skeleton":1},"minecraft:custom":{"minecraft:mob_kills":15,"minecraft:interact_with_crafting_table":25,"minecraft:open_barrel":10,"minecraft:leave_game":5,"minecraft:time_since_death":72281,"minecraft:climb_one_cm":1978,"minecraft:sprint_one_cm":244739,"minecraft:walk_one_cm":274434,"minecraft:drop":14,"minecraft:talked_to_villager":5,"minecraft:play_time":82750,"minecraft:deaths":1,"minecraft:sneak_time":1878,"minecraft:walk_under_water_one_cm":1385,"minecraft:boat_one_cm":39919,"minecraft:jump":1317,"minecraft:walk_on_water_one_cm":7139,"minecraft:total_world_time":82750,"minecraft:interact_with_furnace":16,"minecraft:sleep_in_bed":3,"minecraft:time_since_rest":8463,"minecraft:damage_taken":805,"minecraft:damage_dealt":1820,"minecraft:swim_one_cm":5845,"minecraft:fly_one_cm":238269,"minecraft:open_chest":22,"minecraft:crouch_one_cm":5895,"minecraft:fall_one_cm":32712},"minecraft:dropped":{"byg:biomepedia":1,"minecraft:wheat_seeds":7,"croptopia:celery_seed":1,"wildlife:ant":1,"minecraft:cornflower":2,"minecraft:stone_sword":1,"minecraft:birch_sapling":1,"minecraft:allium":4,"minecraft:oak_boat":1,"minecraft:stone_pickaxe":1},"minecraft:killed":{"minecraft:spider":3,"minecraft:skeleton":1,"minecraft:chicken":1,"minecraft:pig":1,"minecraft:creeper":2,"minecraft:sheep":6,"minecraft:zombie":1},"minecraft:picked_up":{"minecraft:charcoal":8,"minecraft:crafting_table":3,"byg:soapstone":1,"minecraft:allium":4,"byg:crocus":1,"minecraft:cornflower":2,"minecraft:string":8,"minecraft:raw_copper":16,"minecraft:item_frame":5,"minecraft:spruce_planks":19,"minecraft:oak_boat":5,"croptopia:blueberry":1,"minecraft:birch_sapling":1,"minecraft:furnace":3,"minecraft:egg":2,"minecraft:stick":3,"wildlife:ant":1,"croptopia:rutabaga":2,"runes:fire_stone":1,"minecraft:spruce_stairs":3,"minecraft:porkchop":3,"minecraft:diorite":6,"minecraft:carrot":20,"minecraft:arrow":4,"minecraft:rotten_flesh":3,"croptopia:squash_seed":2,"croptopia:raspberry_seed":2,"byg:white_puffball_spores":3,"minecraft:mutton":9,"minecraft:white_wool":4,"minecraft:cobblestone":33,"minecraft:birch_log":10,"minecraft:andesite":2,"minecraft:potato":17,"minecraft:flint":1,"minecraft:oak_log":65,"byg:white_puffball_cap":2,"minecraft:gunpowder":4,"croptopia:blueberry_seed":2,"croptopia:celery":1,"minecraft:dirt":75,"wizards:wand_novice":1,"minecraft:bone":1,"minecraft:apple":1,"minecraft:wheat_seeds":2,"croptopia:squash":1,"croptopia:raspberry":1,"minecraft:stone_pickaxe":1,"minecraft:oak_planks":17,"runes:arcane_stone":1,"minecraft:spyglass":1,"minecraft:gravel":6,"croptopia:celery_seed":2,"croptopia:rutabaga_seed":4,"minecraft:white_bed":3,"minecraft:spruce_log":13,"minecraft:spider_eye":2,"byg:pink_anemone":1,"runes:frost_stone":1,"minecraft:granite":2,"minecraft:gray_wool":2,"minecraft:oak_sapling":4,"minecraft:coal":40}},"DataVersion":3120}