{"stats":{"minecraft:killed_by":{"minecraft:skeleton":1},"minecraft:picked_up":{"minecraft:charcoal":1,"minecraft:crafting_table":3,"minecraft:flint":1,"minecraft:oak_log":23,"minecraft:string":3,"minecraft:dirt":52,"minecraft:raw_copper":11,"minecraft:stone_pickaxe":1,"minecraft:oak_boat":2,"minecraft:oak_planks":2,"minecraft:egg":2,"minecraft:furnace":1,"minecraft:stick":2,"wildlife:ant":1,"minecraft:gravel":6,"minecraft:porkchop":3,"minecraft:diorite":6,"minecraft:white_bed":1,"minecraft:spider_eye":2,"minecraft:rotten_flesh":3,"minecraft:gray_wool":2,"minecraft:oak_sapling":1,"minecraft:mutton":9,"minecraft:white_wool":4,"minecraft:cobblestone":33},"minecraft:dropped":{"byg:biomepedia":1,"minecraft:stone_sword":1,"wildlife:ant":1,"minecraft:stone_pickaxe":1},"minecraft:killed":{"minecraft:pig":1,"minecraft:spider":2,"minecraft:sheep":6,"minecraft:zombie":1,"minecraft:chicken":1},"minecraft:crafted":{"minecraft:oak_planks":32,"minecraft:cooked_porkchop":3,"minecraft:crafting_table":2,"minecraft:stone_axe":1,"minecraft:cooked_mutton":5,"minecraft:air":0,"minecraft:oak_boat":1,"basicweapons:stone_club":1,"minecraft:charcoal":11,"minecraft:stick":8,"minecraft:stone_pickaxe":1,"minecraft:stone_sword":2,"minecraft:white_bed":1,"basicweapons:wooden_club":1},"minecraft:custom":{"minecraft:interact_with_furnace":8,"minecraft:mob_kills":11,"minecraft:interact_with_crafting_table":9,"minecraft:leave_game":3,"minecraft:time_since_death":27246,"minecraft:sleep_in_bed":1,"minecraft:time_since_rest":10455,"minecraft:sprint_one_cm":74715,"minecraft:damage_taken":555,"minecraft:walk_one_cm":93099,"minecraft:drop":4,"minecraft:damage_dealt":1058,"minecraft:fly_one_cm":165174,"minecraft:crouch_one_cm":1681,"minecraft:play_time":37715,"minecraft:deaths":1,"minecraft:sneak_time":508,"minecraft:boat_one_cm":27877,"minecraft:jump":759,"minecraft:walk_on_water_one_cm":3526,"minecraft:total_world_time":37715,"minecraft:fall_one_cm":21294},"minecraft:mined":{"minecraft:white_bed":1,"minecraft:crafting_table":3,"minecraft:grass_block":10,"minecraft:tall_grass":3,"minecraft:copper_ore":3,"minecraft:diorite":6,"minecraft:furnace":1,"minecraft:grass":11,"minecraft:oak_log":23,"minecraft:gravel":7,"minecraft:dirt":30,"minecraft:stone":35},"minecraft:used":{"minecraft:cooked_mutton":5,"minecraft:stone_sword":10,"minecraft:stone_pickaxe":45,"minecraft:rotten_flesh":2,"minecraft:dirt":34,"minecraft:mutton":2,"minecraft:crafting_table":4,"minecraft:white_bed":1,"basicweapons:wooden_club":10,"basicweapons:stone_club":2,"minecraft:gravel":1,"minecraft:stone_axe":20,"wildlife:ant":1,"minecraft:oak_sapling":1,"minecraft:furnace":1,"wildlife:crab":1,"minecraft:oak_boat":3,"minecraft:egg":2,"wildlife:white_eye":1}},"DataVersion":3120}