{"stats":{"minecraft:crafted":{"minecraft:oak_planks":32,"basicweapons:stone_club":1,"minecraft:charcoal":11,"minecraft:cooked_porkchop":3,"minecraft:crafting_table":2,"minecraft:stick":8,"minecraft:stone_pickaxe":1,"minecraft:stone_sword":2,"minecraft:white_bed":1,"basicweapons:wooden_club":1,"minecraft:stone_axe":1,"minecraft:cooked_mutton":5,"minecraft:air":0},"minecraft:used":{"minecraft:cooked_mutton":4,"minecraft:stone_sword":7,"minecraft:stone_pickaxe":31,"basicweapons:stone_club":2,"minecraft:rotten_flesh":2,"wildlife:ant":1,"minecraft:stone_axe":17,"minecraft:dirt":34,"minecraft:mutton":2,"minecraft:crafting_table":3,"minecraft:furnace":1,"minecraft:oak_sapling":1,"minecraft:white_bed":1,"minecraft:egg":1,"basicweapons:wooden_club":10},"minecraft:mined":{"minecraft:furnace":1,"minecraft:crafting_table":1,"minecraft:grass":11,"minecraft:grass_block":8,"minecraft:oak_log":23,"minecraft:dirt":29,"minecraft:tall_grass":2,"minecraft:stone":29,"minecraft:diorite":1},"minecraft:killed_by":{"minecraft:skeleton":1},"minecraft:dropped":{"wildlife:ant":1,"minecraft:stone_sword":1,"minecraft:stone_pickaxe":1},"minecraft:custom":{"minecraft:time_since_rest":999,"minecraft:interact_with_furnace":7,"minecraft:sprint_one_cm":57185,"minecraft:damage_taken":495,"minecraft:walk_one_cm":65175,"minecraft:mob_kills":10,"minecraft:drop":3,"minecraft:damage_dealt":938,"minecraft:interact_with_crafting_table":8,"minecraft:fly_one_cm":136394,"minecraft:crouch_one_cm":1284,"minecraft:play_time":28259,"minecraft:deaths":1,"minecraft:sneak_time":378,"minecraft:jump":585,"minecraft:leave_game":2,"minecraft:time_since_death":17790,"minecraft:sleep_in_bed":1,"minecraft:total_world_time":28259,"minecraft:fall_one_cm":17596},"minecraft:picked_up":{"minecraft:charcoal":1,"minecraft:stick":2,"minecraft:crafting_table":1,"wildlife:ant":1,"minecraft:porkchop":3,"minecraft:oak_log":23,"minecraft:diorite":1,"minecraft:spider_eye":1,"minecraft:dirt":50,"minecraft:string":1,"minecraft:rotten_flesh":3,"minecraft:stone_pickaxe":1,"minecraft:gray_wool":2,"minecraft:oak_sapling":1,"minecraft:mutton":9,"minecraft:oak_planks":2,"minecraft:furnace":1,"minecraft:white_wool":4,"minecraft:cobblestone":27,"minecraft:egg":1},"minecraft:killed":{"minecraft:sheep":6,"minecraft:zombie":1,"minecraft:pig":1,"minecraft:chicken":1,"minecraft:spider":1}},"DataVersion":3120}