{"stats":{"minecraft:custom":{"minecraft:interact_with_furnace":16,"minecraft:mob_kills":12,"minecraft:interact_with_crafting_table":13,"minecraft:open_barrel":8,"minecraft:leave_game":4,"minecraft:time_since_death":50728,"minecraft:sleep_in_bed":2,"minecraft:time_since_rest":8293,"minecraft:sprint_one_cm":153930,"minecraft:damage_taken":645,"minecraft:walk_one_cm":161333,"minecraft:drop":5,"minecraft:damage_dealt":1218,"minecraft:talked_to_villager":4,"minecraft:fly_one_cm":196376,"minecraft:open_chest":6,"minecraft:crouch_one_cm":2960,"minecraft:play_time":61197,"minecraft:deaths":1,"minecraft:sneak_time":934,"minecraft:walk_under_water_one_cm":695,"minecraft:boat_one_cm":39919,"minecraft:jump":990,"minecraft:walk_on_water_one_cm":6054,"minecraft:total_world_time":61197,"minecraft:fall_one_cm":25896},"minecraft:used":{"minecraft:cooked_mutton":5,"minecraft:water_bucket":4,"minecraft:stone_sword":13,"minecraft:stone_pickaxe":82,"minecraft:chest":2,"wildlife:bluebird":1,"minecraft:stone_hoe":27,"minecraft:rotten_flesh":2,"minecraft:dirt":34,"minecraft:mutton":2,"croptopia:rutabaga":1,"minecraft:crafting_table":5,"minecraft:carrot":10,"minecraft:spruce_stairs":1,"minecraft:white_bed":2,"basicweapons:wooden_club":10,"basicweapons:stone_club":4,"byg:soapstone":1,"minecraft:gravel":1,"minecraft:stone_axe":34,"wildlife:ant":1,"minecraft:cooked_porkchop":2,"minecraft:oak_sapling":1,"minecraft:furnace":2,"wildlife:crab":1,"minecraft:bucket":4,"croptopia:squash":1,"minecraft:oak_boat":5,"minecraft:egg":2,"minecraft:potato":14,"wildlife:white_eye":1},"minecraft:killed":{"minecraft:pig":1,"minecraft:spider":3,"minecraft:sheep":6,"minecraft:zombie":1,"minecraft:chicken":1},"minecraft:mined":{"minecraft:white_bed":1,"minecraft:cornflower":1,"minecraft:crafting_table":3,"minecraft:granite":2,"minecraft:allium":2,"minecraft:grass_block":10,"minecraft:tall_grass":3,"minecraft:copper_ore":5,"minecraft:diorite":6,"minecraft:spruce_stairs":1,"byg:soapstone":1,"minecraft:furnace":1,"minecraft:carrots":5,"byg:leaf_pile":1,"minecraft:andesite":2,"minecraft:spruce_log":13,"croptopia:blueberry_crop":1,"minecraft:coal_ore":30,"minecraft:grass":20,"minecraft:potatoes":4,"croptopia:squash_crop":1,"minecraft:oak_log":23,"minecraft:dirt":30,"minecraft:gravel":7,"croptopia:rutabaga_crop":1,"minecraft:cobweb":1,"minecraft:stone":35,"byg:white_puffball":1,"minecraft:fern":1},"minecraft:picked_up":{"byg:soapstone":1,"minecraft:charcoal":1,"minecraft:crafting_table":3,"minecraft:allium":2,"minecraft:andesite":2,"minecraft:potato":17,"minecraft:flint":1,"minecraft:oak_log":23,"croptopia:blueberry_seed":2,"minecraft:cornflower":2,"minecraft:string":8,"minecraft:dirt":52,"minecraft:raw_copper":16,"minecraft:bone":1,"minecraft:wheat_seeds":2,"croptopia:squash":1,"minecraft:stone_pickaxe":1,"minecraft:oak_boat":5,"croptopia:blueberry":1,"minecraft:oak_planks":2,"minecraft:egg":2,"minecraft:furnace":1,"minecraft:stick":2,"wildlife:ant":1,"croptopia:rutabaga":1,"minecraft:spruce_stairs":1,"minecraft:gravel":6,"minecraft:porkchop":3,"croptopia:rutabaga_seed":2,"minecraft:spruce_log":13,"minecraft:carrot":20,"minecraft:diorite":6,"minecraft:white_bed":1,"minecraft:spider_eye":2,"minecraft:arrow":2,"minecraft:rotten_flesh":3,"croptopia:squash_seed":2,"minecraft:granite":2,"minecraft:gray_wool":2,"minecraft:oak_sapling":1,"minecraft:mutton":9,"minecraft:coal":30,"minecraft:white_wool":4,"minecraft:cobblestone":33},"minecraft:dropped":{"byg:biomepedia":1,"minecraft:stone_sword":1,"wildlife:ant":1,"minecraft:cornflower":1,"minecraft:stone_pickaxe":1},"minecraft:killed_by":{"minecraft:skeleton":1},"minecraft:crafted":{"minecraft:cooked_cod":2,"minecraft:oak_planks":48,"minecraft:cooked_porkchop":3,"minecraft:crafting_table":3,"minecraft:spruce_planks":52,"minecraft:baked_potato":3,"minecraft:furnace":1,"minecraft:cooked_salmon":2,"minecraft:stone_axe":1,"minecraft:cooked_mutton":5,"minecraft:air":0,"minecraft:oak_boat":1,"basicweapons:stone_club":1,"minecraft:charcoal":11,"minecraft:stick":12,"minecraft:stone_pickaxe":1,"minecraft:stone_sword":2,"minecraft:chest":2,"minecraft:white_bed":1,"minecraft:torch":8,"minecraft:stone_hoe":1,"basicweapons:wooden_club":1}},"DataVersion":3120}