{"stats":{"minecraft:used":{"minecraft:rotten_flesh":2,"minecraft:dirt":18,"minecraft:chicken":1,"minecraft:dandelion":1},"minecraft:mined":{"minecraft:grass":8,"minecraft:grass_block":10,"minecraft:dirt":13,"minecraft:tall_grass":19},"minecraft:killed_by":{"minecraft:skeleton":1,"minecraft:zombie":1,"minecraft:player":1},"minecraft:dropped":{"byg:biomepedia":2,"minecraft:wheat_seeds":5},"minecraft:custom":{"minecraft:time_since_rest":9538,"minecraft:damage_taken":844,"minecraft:play_time":33435,"minecraft:crouch_one_cm":306,"minecraft:sprint_one_cm":29649,"minecraft:walk_one_cm":24186,"minecraft:deaths":3,"minecraft:sneak_time":153,"minecraft:mob_kills":3,"minecraft:drop":7,"minecraft:jump":154,"minecraft:damage_dealt":554,"minecraft:leave_game":17,"minecraft:time_since_death":9514,"minecraft:total_world_time":33435,"minecraft:fly_one_cm":27908,"minecraft:fall_one_cm":2150,"minecraft:player_kills":2},"minecraft:killed":{"minecraft:zombie":2,"minecraft:player":2,"minecraft:chicken":1},"minecraft:picked_up":{"byg:biomepedia":1,"minecraft:feather":1,"minecraft:chicken":1,"minecraft:rotten_flesh":2,"minecraft:dandelion":1,"minecraft:wheat_seeds":8,"minecraft:dirt":23}},"DataVersion":3120}