{"stats":{"minecraft:killed_by":{"minecraft:player":1,"minecraft:skeleton":2,"minecraft:zombie":1},"minecraft:picked_up":{"minecraft:birch_log":10,"minecraft:charcoal":7,"minecraft:crafting_table":5,"minecraft:feather":6,"minecraft:cooked_beef":4,"minecraft:chicken":6,"minecraft:leather":11,"minecraft:oak_log":9,"minecraft:lily_pad":5,"minecraft:dirt":43,"croptopia:bellpepper_seed":2,"minecraft:apple":1,"minecraft:wheat_seeds":8,"comforts:sleeping_bag_white":3,"croptopia:bellpepper":1,"minecraft:beef":29,"minecraft:sugar_cane":18,"minecraft:birch_sapling":1,"croptopia:cranberry":1,"minecraft:furnace":2,"minecraft:egg":4,"minecraft:pumpkin":18,"minecraft:birch_boat":6,"minecraft:dandelion":1,"minecraft:gravel":5,"minecraft:porkchop":18,"minecraft:sand":2,"croptopia:cherry":7,"byg:biomepedia":2,"minecraft:polished_andesite":1,"minecraft:rotten_flesh":3,"croptopia:cranberry_seed":1,"byg:violet_leather_flower":1,"croptopia:pepper":1,"minecraft:oak_sapling":2,"minecraft:black_wool":1,"minecraft:mutton":19,"minecraft:white_wool":13,"minecraft:cobblestone":55},"minecraft:mined":{"croptopia:pepper_crop":1,"minecraft:crafting_table":5,"minecraft:grass_block":16,"croptopia:cranberry_crop":1,"minecraft:tall_grass":19,"minecraft:cobblestone":1,"minecraft:sugar_cane":8,"croptopia:cherry_crop":7,"minecraft:furnace":2,"minecraft:birch_log":10,"minecraft:pumpkin":18,"minecraft:grass":15,"minecraft:oak_log":9,"minecraft:sand":2,"minecraft:gravel":5,"minecraft:dirt":30,"minecraft:stone":54,"minecraft:oak_leaves":16,"croptopia:bellpepper_crop":1},"minecraft:custom":{"minecraft:interact_with_furnace":22,"minecraft:mob_kills":43,"minecraft:interact_with_crafting_table":8,"minecraft:leave_game":21,"minecraft:time_since_death":39751,"minecraft:sleep_in_bed":3,"minecraft:climb_one_cm":2951,"minecraft:time_since_rest":6767,"minecraft:sprint_one_cm":154389,"minecraft:damage_taken":1199,"minecraft:walk_one_cm":65877,"minecraft:drop":26,"minecraft:damage_dealt":4412,"minecraft:swim_one_cm":6165,"minecraft:fly_one_cm":187364,"minecraft:player_kills":2,"minecraft:open_chest":2,"minecraft:play_time":83148,"minecraft:crouch_one_cm":3280,"minecraft:deaths":4,"minecraft:sneak_time":1564,"minecraft:walk_under_water_one_cm":708,"minecraft:boat_one_cm":107570,"minecraft:jump":848,"minecraft:walk_on_water_one_cm":13007,"minecraft:total_world_time":83148,"minecraft:fall_one_cm":20519},"minecraft:used":{"minecraft:cooked_mutton":5,"minecraft:stone_sword":11,"minecraft:stone_pickaxe":44,"minecraft:wooden_pickaxe":13,"minecraft:birch_boat":7,"minecraft:rotten_flesh":2,"minecraft:dirt":41,"minecraft:crafting_table":5,"croptopia:cherry":7,"croptopia:cranberry":1,"minecraft:chicken":1,"minecraft:suspicious_stew":1,"minecraft:birch_sapling":1,"minecraft:stone_axe":93,"minecraft:cobblestone":6,"minecraft:furnace":2,"minecraft:oak_sapling":2,"croptopia:bellpepper":1,"comforts:sleeping_bag_white":3,"minecraft:dandelion":1},"minecraft:killed":{"minecraft:pig":7,"minecraft:sheep":14,"minecraft:horse":3,"minecraft:zombie":3,"minecraft:chicken":6,"minecraft:player":2,"minecraft:cow":10},"minecraft:crafted":{"minecraft:cooked_beef":8,"minecraft:cooked_porkchop":12,"minecraft:crafting_table":1,"comforts:sleeping_bag_white":1,"minecraft:birch_boat":1,"minecraft:wooden_pickaxe":1,"minecraft:cooked_chicken":4,"minecraft:furnace":1,"minecraft:birch_planks":40,"minecraft:stone_axe":2,"minecraft:cooked_mutton":8,"minecraft:air":0,"minecraft:charcoal":9,"minecraft:stick":12,"minecraft:stone_pickaxe":1,"minecraft:stone_sword":1},"minecraft:dropped":{"byg:biomepedia":3,"minecraft:gravel":5,"minecraft:stone_axe":1,"minecraft:wheat_seeds":5,"minecraft:bowl":1,"byg:violet_leather_flower":1,"minecraft:rotten_flesh":1,"croptopia:cranberry_seed":1,"minecraft:polished_andesite":1,"croptopia:bellpepper_seed":2,"minecraft:stick":1,"minecraft:dirt":2,"croptopia:pepper":1,"minecraft:sand":2,"minecraft:wooden_pickaxe":1,"minecraft:lily_pad":2,"minecraft:black_wool":1}},"DataVersion":3120}