{"stats":{"minecraft:killed":{"minecraft:zombie":2,"minecraft:player":2,"minecraft:chicken":1},"minecraft:custom":{"minecraft:time_since_rest":687,"minecraft:damage_taken":844,"minecraft:play_time":24584,"minecraft:crouch_one_cm":208,"minecraft:sprint_one_cm":26019,"minecraft:walk_one_cm":22186,"minecraft:deaths":3,"minecraft:sneak_time":128,"minecraft:mob_kills":3,"minecraft:drop":7,"minecraft:jump":144,"minecraft:damage_dealt":554,"minecraft:leave_game":3,"minecraft:time_since_death":663,"minecraft:total_world_time":24584,"minecraft:fly_one_cm":26105,"minecraft:fall_one_cm":1941,"minecraft:player_kills":2},"minecraft:picked_up":{"byg:biomepedia":1,"minecraft:feather":1,"minecraft:chicken":1,"minecraft:rotten_flesh":2,"minecraft:dandelion":1,"minecraft:wheat_seeds":8,"minecraft:dirt":11},"minecraft:mined":{"minecraft:grass":8,"minecraft:grass_block":6,"minecraft:dirt":5,"minecraft:tall_grass":18},"minecraft:dropped":{"byg:biomepedia":2,"minecraft:wheat_seeds":5},"minecraft:used":{"minecraft:rotten_flesh":2,"minecraft:dirt":11,"minecraft:chicken":1,"minecraft:dandelion":1},"minecraft:killed_by":{"minecraft:skeleton":1,"minecraft:zombie":1,"minecraft:player":1}},"DataVersion":3120}