{"stats":{"minecraft:dropped":{"byg:biomepedia":2,"minecraft:wheat_seeds":1},"minecraft:killed":{"minecraft:zombie":2,"minecraft:player":1,"minecraft:chicken":1},"minecraft:used":{"minecraft:rotten_flesh":2,"minecraft:dirt":5,"minecraft:chicken":1},"minecraft:killed_by":{"minecraft:skeleton":1,"minecraft:zombie":1},"minecraft:mined":{"minecraft:grass":7,"minecraft:grass_block":5,"minecraft:dirt":5,"minecraft:tall_grass":16},"minecraft:custom":{"minecraft:time_since_rest":5375,"minecraft:crouch_one_cm":208,"minecraft:deaths":2,"minecraft:sprint_one_cm":18895,"minecraft:play_time":20728,"minecraft:damage_taken":735,"minecraft:walk_one_cm":20015,"minecraft:sneak_time":128,"minecraft:mob_kills":3,"minecraft:drop":3,"minecraft:jump":95,"minecraft:damage_dealt":489,"minecraft:leave_game":2,"minecraft:time_since_death":5345,"minecraft:total_world_time":20728,"minecraft:fall_one_cm":836,"minecraft:fly_one_cm":17239,"minecraft:player_kills":1},"minecraft:picked_up":{"byg:biomepedia":1,"minecraft:feather":1,"minecraft:chicken":1,"minecraft:rotten_flesh":2,"minecraft:wheat_seeds":4,"minecraft:dirt":9}},"DataVersion":3120}