{"stats":{"minecraft:crafted":{"minecraft:cooked_beef":8,"artifacts:eternal_steak":1,"minecraft:oak_planks":8,"minecraft:cooked_porkchop":12,"minecraft:crafting_table":2,"comforts:sleeping_bag_white":1,"minecraft:birch_boat":1,"minecraft:wooden_pickaxe":1,"minecraft:cooked_chicken":4,"minecraft:furnace":1,"minecraft:birch_planks":40,"minecraft:stone_axe":2,"minecraft:cooked_mutton":8,"minecraft:air":0,"minecraft:iron_chestplate":1,"minecraft:charcoal":9,"minecraft:iron_axe":1,"minecraft:stick":20,"minecraft:stone_pickaxe":1,"minecraft:stone_sword":1},"minecraft:used":{"minecraft:cooked_mutton":5,"minecraft:stone_sword":11,"minecraft:stone_pickaxe":59,"minecraft:wooden_pickaxe":13,"minecraft:birch_boat":8,"artifacts:eternal_steak":12,"minecraft:rotten_flesh":2,"minecraft:iron_chestplate":1,"minecraft:dirt":41,"minecraft:crafting_table":7,"croptopia:cherry":7,"minecraft:apple":1,"minecraft:iron_axe":3,"croptopia:cranberry":1,"minecraft:chicken":1,"minecraft:suspicious_stew":1,"minecraft:birch_sapling":1,"minecraft:stone_axe":134,"minecraft:cobblestone":42,"basicweapons:iron_hammer":6,"minecraft:stripped_crimson_hyphae":1,"minecraft:oak_sapling":2,"minecraft:furnace":3,"croptopia:bellpepper":1,"comforts:sleeping_bag_white":5,"minecraft:dandelion":1},"minecraft:broken":{"minecraft:stone_axe":1},"minecraft:mined":{"croptopia:pepper_crop":1,"minecraft:crafting_table":8,"minecraft:stripped_crimson_hyphae":1,"minecraft:grass_block":16,"croptopia:cranberry_crop":1,"minecraft:mushroom_stem":1,"minecraft:tall_grass":19,"minecraft:cobblestone":11,"minecraft:spruce_leaves":2,"minecraft:sugar_cane":8,"minecraft:spawner":1,"minecraft:large_fern":1,"comforts:sleeping_bag_white":1,"croptopia:cherry_crop":7,"minecraft:furnace":3,"minecraft:birch_log":10,"minecraft:pumpkin":18,"minecraft:smooth_stone_slab":1,"minecraft:grass":15,"minecraft:oak_log":11,"minecraft:sand":2,"minecraft:gravel":5,"minecraft:dirt":30,"minecraft:stone":54,"minecraft:mossy_stone_bricks":1,"minecraft:oak_leaves":21,"croptopia:bellpepper_crop":1},"minecraft:killed_by":{"minecraft:player":1,"minecraft:skeleton":2,"minecraft:zombie":1},"minecraft:custom":{"minecraft:interact_with_furnace":24,"minecraft:mob_kills":57,"minecraft:interact_with_crafting_table":17,"minecraft:open_barrel":11,"minecraft:leave_game":24,"minecraft:time_since_death":68705,"minecraft:sleep_in_bed":4,"minecraft:climb_one_cm":2951,"minecraft:time_since_rest":20848,"minecraft:sprint_one_cm":222957,"minecraft:damage_taken":2252,"minecraft:walk_one_cm":100083,"minecraft:drop":33,"minecraft:damage_dealt":7021,"minecraft:swim_one_cm":47649,"minecraft:player_kills":2,"minecraft:fly_one_cm":285418,"minecraft:open_chest":7,"minecraft:play_time":112102,"minecraft:crouch_one_cm":8322,"minecraft:deaths":4,"minecraft:sneak_time":3659,"minecraft:walk_under_water_one_cm":4209,"minecraft:boat_one_cm":211725,"minecraft:jump":1298,"minecraft:walk_on_water_one_cm":19973,"minecraft:total_world_time":112102,"minecraft:fall_one_cm":37589},"minecraft:dropped":{"byg:biomepedia":3,"minecraft:gravel":5,"minecraft:stone_axe":1,"minecraft:wheat_seeds":5,"minecraft:stone_sword":1,"minecraft:bowl":1,"basicweapons:stone_club":1,"byg:violet_leather_flower":1,"minecraft:rotten_flesh":1,"croptopia:cranberry_seed":1,"minecraft:polished_andesite":1,"croptopia:bellpepper_seed":2,"minecraft:stick":1,"minecraft:dirt":2,"minecraft:mossy_stone_bricks":1,"croptopia:pepper":1,"basicweapons:stone_hammer":1,"minecraft:beef":1,"minecraft:birch_boat":1,"minecraft:sand":2,"minecraft:wooden_pickaxe":1,"minecraft:fishing_rod":1,"minecraft:lily_pad":2,"minecraft:black_wool":1},"minecraft:killed":{"wildlife:ferret":1,"minecraft:pig":8,"minecraft:vindicator":1,"minecraft:sheep":14,"minecraft:horse":4,"minecraft:pillager":8,"minecraft:zombie":3,"minecraft:chicken":6,"minecraft:player":2,"minecraft:cow":12},"minecraft:picked_up":{"minecraft:birch_log":10,"minecraft:charcoal":7,"minecraft:crafting_table":6,"minecraft:feather":6,"minecraft:cooked_beef":4,"minecraft:chicken":6,"minecraft:leather":15,"minecraft:oak_log":11,"minecraft:lily_pad":5,"minecraft:dirt":43,"croptopia:bellpepper_seed":2,"minecraft:apple":1,"minecraft:wheat_seeds":8,"comforts:sleeping_bag_white":5,"croptopia:bellpepper":1,"minecraft:beef":31,"minecraft:mossy_stone_bricks":1,"minecraft:sugar_cane":18,"minecraft:birch_sapling":1,"croptopia:cranberry":1,"minecraft:furnace":3,"minecraft:egg":4,"minecraft:stripped_crimson_hyphae":1,"minecraft:pumpkin":18,"minecraft:birch_boat":8,"minecraft:sweet_berries":31,"minecraft:dandelion":1,"minecraft:gravel":5,"minecraft:porkchop":18,"minecraft:sand":2,"croptopia:cherry":7,"byg:biomepedia":2,"minecraft:polished_andesite":1,"minecraft:rotten_flesh":3,"croptopia:cranberry_seed":1,"byg:violet_leather_flower":1,"minecraft:emerald":1,"croptopia:pepper":1,"minecraft:oak_sapling":2,"minecraft:black_wool":1,"minecraft:mutton":19,"minecraft:white_wool":13,"minecraft:cobblestone":65}},"DataVersion":3120}