{"stats":{"minecraft:killed_by":{"minecraft:skeleton":1,"minecraft:zombie":1,"minecraft:player":1},"minecraft:mined":{"minecraft:grass":8,"minecraft:grass_block":8,"minecraft:dirt":10,"minecraft:tall_grass":19},"minecraft:killed":{"minecraft:zombie":2,"minecraft:player":2,"minecraft:chicken":1},"minecraft:used":{"minecraft:rotten_flesh":2,"minecraft:dirt":13,"minecraft:chicken":1,"minecraft:dandelion":1},"minecraft:dropped":{"byg:biomepedia":2,"minecraft:wheat_seeds":5},"minecraft:custom":{"minecraft:time_since_rest":5649,"minecraft:damage_taken":844,"minecraft:play_time":29546,"minecraft:crouch_one_cm":208,"minecraft:sprint_one_cm":27337,"minecraft:walk_one_cm":23008,"minecraft:deaths":3,"minecraft:sneak_time":133,"minecraft:mob_kills":3,"minecraft:drop":7,"minecraft:jump":147,"minecraft:damage_dealt":554,"minecraft:leave_game":14,"minecraft:time_since_death":5625,"minecraft:total_world_time":29546,"minecraft:fly_one_cm":26985,"minecraft:fall_one_cm":2150,"minecraft:player_kills":2},"minecraft:picked_up":{"byg:biomepedia":1,"minecraft:feather":1,"minecraft:chicken":1,"minecraft:rotten_flesh":2,"minecraft:dandelion":1,"minecraft:wheat_seeds":8,"minecraft:dirt":18}},"DataVersion":3120}