{"stats":{"minecraft:killed":{"minecraft:zombie":2,"minecraft:player":2,"minecraft:chicken":1},"minecraft:mined":{"minecraft:grass":8,"minecraft:grass_block":6,"minecraft:dirt":5,"minecraft:tall_grass":19},"minecraft:dropped":{"byg:biomepedia":2,"minecraft:wheat_seeds":5},"minecraft:killed_by":{"minecraft:skeleton":1,"minecraft:zombie":1,"minecraft:player":1},"minecraft:custom":{"minecraft:time_since_rest":1260,"minecraft:damage_taken":844,"minecraft:play_time":25157,"minecraft:crouch_one_cm":208,"minecraft:sprint_one_cm":26512,"minecraft:walk_one_cm":22258,"minecraft:deaths":3,"minecraft:sneak_time":128,"minecraft:mob_kills":3,"minecraft:drop":7,"minecraft:jump":146,"minecraft:damage_dealt":554,"minecraft:leave_game":5,"minecraft:time_since_death":1236,"minecraft:total_world_time":25157,"minecraft:fly_one_cm":26570,"minecraft:fall_one_cm":1941,"minecraft:player_kills":2},"minecraft:used":{"minecraft:rotten_flesh":2,"minecraft:dirt":11,"minecraft:chicken":1,"minecraft:dandelion":1},"minecraft:picked_up":{"byg:biomepedia":1,"minecraft:feather":1,"minecraft:chicken":1,"minecraft:rotten_flesh":2,"minecraft:dandelion":1,"minecraft:wheat_seeds":8,"minecraft:dirt":11}},"DataVersion":3120}