{
  "minecraft:recipes/tools/fishing_rod": {
    "criteria": {
      "has_string": "2024-06-02 10:44:17 +0000"
    },
    "done": true
  },
  "minecraft:recipes/decorations/smoker": {
    "criteria": {
      "has_furnace": "2024-06-02 10:47:58 +0000"
    },
    "done": true
  },
  "minecraft:recipes/food/cooked_mutton_from_campfire_cooking": {
    "criteria": {
      "has_mutton": "2024-06-02 10:51:48 +0000"
    },
    "done": true
  },
  "minecraft:recipes/building_blocks/polished_andesite_slab": {
    "criteria": {
      "has_polished_andesite": "2024-06-02 11:31:58 +0000"
    },
    "done": true
  },
  "minecraft:recipes/building_blocks/purple_wool": {
    "criteria": {
      "has_white_wool": "2024-06-02 10:51:48 +0000"
    },
    "done": true
  },
  "mcwtrpdoors:recipes/acacia/acacia_mystic_trapdoor": {
    "criteria": {
      "has_logs": "2024-06-02 13:24:25 +0000"
    },
    "done": true
  },
  "minecraft:recipes/redstone/lever": {
    "criteria": {
      "has_cobblestone": "2024-06-02 10:47:27 +0000"
    },
    "done": true
  },
  "minecraft:recipes/building_blocks/cobblestone_stairs_from_cobblestone_stonecutting": {
    "criteria": {
      "has_cobblestone": "2024-06-02 10:47:27 +0000"
    },
    "done": true
  },
  "comforts:hammock_black": {
    "criteria": {
      "has_black_wool": "2024-06-02 10:51:52 +0000"
    },
    "done": true
  },
  "minecraft:recipes/combat/iron_sword": {
    "criteria": {
      "has_iron_ingot": "2024-06-02 11:54:42 +0000"
    },
    "done": true
  },
  "mcwtrpdoors:recipes/spruce/spruce_barn_trapdoor": {
    "criteria": {
      "has_logs": "2024-06-02 11:26:09 +0000"
    },
    "done": true
  },
  "croptopia:recipes/fruit_smoothie": {
    "criteria": {
      "has_fruit": "2024-06-02 11:54:01 +0000"
    },
    "done": true
  },
  "mcwtrpdoors:recipes/acacia/acacia_paper_trapdoor": {
    "criteria": {
      "has_logs": "2024-06-02 13:24:25 +0000"
    },
    "done": true
  },
  "minecraft:recipes/decorations/white_bed": {
    "criteria": {
      "has_white_wool": "2024-06-02 10:51:48 +0000"
    },
    "done": true
  },
  "minecraft:recipes/building_blocks/polished_andesite_stairs": {
    "criteria": {
      "has_polished_andesite": "2024-06-02 11:31:58 +0000"
    },
    "done": true
  },
  "minecraft:recipes/misc/light_gray_dye_from_white_tulip": {
    "criteria": {
      "has_white_tulip": "2024-06-02 11:48:14 +0000"
    },
    "done": true
  },
  "byg:recipes/byg.byg/jacaranda_chest_boat": {
    "criteria": {
      "has_boat": "2024-06-02 11:56:50 +0000"
    },
    "done": true
  },
  "minecraft:recipes/tools/iron_pickaxe": {
    "criteria": {
      "has_iron_ingot": "2024-06-02 11:54:42 +0000"
    },
    "done": true
  },
  "mcwtrpdoors:recipes/acacia/acacia_glass_trapdoor": {
    "criteria": {
      "has_logs": "2024-06-02 13:24:25 +0000"
    },
    "done": true
  },
  "byg:recipes/byg.byg/maple_chest_boat": {
    "criteria": {
      "has_boat": "2024-06-02 11:56:50 +0000"
    },
    "done": true
  },
  "croptopia:recipes/chicken_and_dumplings": {
    "criteria": {
      "has_chicken": "2024-06-02 10:45:44 +0000"
    },
    "done": true
  },
  "minecraft:recipes/decorations/candle": {
    "criteria": {
      "has_string": "2024-06-02 10:44:17 +0000"
    },
    "done": true
  },
  "minecraft:recipes/decorations/crafting_table": {
    "criteria": {
      "has_planks": "2024-06-02 10:45:59 +0000"
    },
    "done": true
  },
  "minecraft:recipes/decorations/campfire": {
    "criteria": {
      "has_stick": "2024-06-02 10:47:09 +0000"
    },
    "done": true
  },
  "minecraft:recipes/building_blocks/magenta_wool": {
    "criteria": {
      "has_white_wool": "2024-06-02 10:51:48 +0000"
    },
    "done": true
  },
  "croptopia:recipes/beef_jerky": {
    "criteria": {
      "has_salt": "2024-06-02 11:49:19 +0000"
    },
    "done": true
  },
  "croptopia:recipes/fried_chicken": {
    "criteria": {
      "has_chicken": "2024-06-02 10:45:44 +0000"
    },
    "done": true
  },
  "mcwtrpdoors:recipes/acacia/acacia_ranch_trapdoor": {
    "criteria": {
      "has_logs": "2024-06-02 13:24:25 +0000"
    },
    "done": true
  },
  "mcwbridges:recipes/asian_red_bridge": {
    "criteria": {
      "has_planks": "2024-06-02 10:45:59 +0000"
    },
    "done": true
  },
  "croptopia:recipes/croptopia.croptopia/meringue": {
    "criteria": {
      "has_egg": "2024-06-02 10:51:40 +0000"
    },
    "done": true
  },
  "minecraft:recipes/decorations/ladder": {
    "criteria": {
      "has_stick": "2024-06-02 10:47:09 +0000"
    },
    "done": true
  },
  "locksmith:recipes/tools/blank_key": {
    "criteria": {
      "has_iron_nugget": "2024-06-01 17:17:22 +0000"
    },
    "done": true
  },
  "comforts:sleeping_bag_black": {
    "criteria": {
      "has_black_wool": "2024-06-02 10:51:52 +0000"
    },
    "done": true
  },
  "minecraft:recipes/misc/iron_nugget": {
    "criteria": {
      "has_iron_ingot": "2024-06-02 11:54:42 +0000"
    },
    "done": true
  },
  "minecraft:recipes/decorations/chest": {
    "criteria": {
      "has_lots_of_items": "2024-06-02 10:49:06 +0000"
    },
    "done": true
  },
  "mcwroofs:recipes/oak": {
    "criteria": {
      "has_planks": "2024-06-02 10:45:15 +0000"
    },
    "done": true
  },
  "minecraft:recipes/decorations/black_bed_from_white_bed": {
    "criteria": {
      "has_bed": "2024-06-02 10:59:32 +0000"
    },
    "done": true
  },
  "minecraft:recipes/transportation/mangrove_boat": {
    "criteria": {
      "in_water": "2024-06-02 11:28:52 +0000"
    },
    "done": true
  },
  "mcwtrpdoors:recipes/oak_blossom_trapdoor": {
    "criteria": {
      "has_plankss": "2024-06-02 10:45:59 +0000"
    },
    "done": true
  },
  "minecraft:recipes/tools/wooden_shovel": {
    "criteria": {
      "has_stick": "2024-06-02 10:47:09 +0000"
    },
    "done": true
  },
  "minecraft:recipes/decorations/torch": {
    "criteria": {
      "has_stone_pickaxe": "2024-06-02 10:47:38 +0000"
    },
    "done": true
  },
  "mcwfences:recipes/stone": {
    "criteria": {
      "has_stone": "2024-06-01 17:17:22 +0000"
    },
    "done": true
  },
  "mcwtrpdoors:recipes/mangrove/mangrove_ranch_trapdoor": {
    "criteria": {
      "has_logs": "2024-06-02 11:26:09 +0000"
    },
    "done": true
  },
  "mcwtrpdoors:recipes/oak/oak_barn_trapdoor": {
    "criteria": {
      "has_logs": "2024-06-02 10:45:15 +0000"
    },
    "done": true
  },
  "minecraft:recipes/building_blocks/cyan_wool": {
    "criteria": {
      "has_white_wool": "2024-06-02 10:51:48 +0000"
    },
    "done": true
  },
  "byg:recipes/byg.byg/redwood_chest_boat": {
    "criteria": {
      "has_boat": "2024-06-02 11:56:50 +0000"
    },
    "done": true
  },
  "croptopia:gather_all": {
    "criteria": {
      "bellpepper_seed": "2024-06-02 11:54:01 +0000",
      "broccoli_seed": "2024-06-02 11:48:53 +0000"
    },
    "done": false
  },
  "croptopia:recipes/croptopia.croptopia/roasted_sunflower_seeds": {
    "criteria": {
      "has_sunflower": "2024-06-02 11:49:50 +0000"
    },
    "done": true
  },
  "minecraft:recipes/tools/shears": {
    "criteria": {
      "has_iron_ingot": "2024-06-02 11:54:42 +0000"
    },
    "done": true
  },
  "minecraft:recipes/misc/stick": {
    "criteria": {
      "has_planks": "2024-06-02 10:45:59 +0000"
    },
    "done": true
  },
  "mcwdoors:recipes/spruce": {
    "criteria": {
      "has_wood": "2024-06-02 11:26:09 +0000"
    },
    "done": true
  },
  "croptopia:recipes/chilli_relleno": {
    "criteria": {
      "has_egg": "2024-06-02 10:51:40 +0000"
    },
    "done": true
  },
  "mcwroofs:recipes/spruce": {
    "criteria": {
      "has_planks": "2024-06-02 11:26:09 +0000"
    },
    "done": true
  },
  "mcwlights:recipes/tiki_torches": {
    "criteria": {
      "has_the_recipe": "2024-06-02 10:47:38 +0000"
    },
    "done": true
  },
  "minecraft:recipes/transportation/spruce_boat": {
    "criteria": {
      "in_water": "2024-06-02 11:28:52 +0000"
    },
    "done": true
  },
  "croptopia:recipes/croptopia.croptopia/bellpepper_seed": {
    "criteria": {
      "has_bellpepper": "2024-06-02 11:54:01 +0000"
    },
    "done": true
  },
  "mcwdoors:recipes/oak": {
    "criteria": {
      "has_wood": "2024-06-02 10:45:15 +0000"
    },
    "done": true
  },
  "mcwtrpdoors:recipes/acacia/acacia_beach_trapdoor": {
    "criteria": {
      "has_logs": "2024-06-02 13:24:25 +0000"
    },
    "done": true
  },
  "minecraft:recipes/tools/flint_and_steel": {
    "criteria": {
      "has_obsidian": "2024-06-02 11:50:26 +0000"
    },
    "done": true
  },
  "betterdungeons:all_dungeons": {
    "criteria": {
      "in_better_zombie_dungeon": "2024-06-02 11:30:53 +0000"
    },
    "done": false
  },
  "mcwfences:recipes/jungle": {
    "criteria": {
      "has_jungle": "2024-06-01 17:17:22 +0000"
    },
    "done": true
  },
  "croptopia:recipes/butter": {
    "criteria": {
      "has_salt": "2024-06-02 11:49:19 +0000"
    },
    "done": true
  },
  "minecraft:recipes/food/cake": {
    "criteria": {
      "has_egg": "2024-06-02 10:51:40 +0000"
    },
    "done": true
  },
  "minecraft:recipes/building_blocks/gray_wool": {
    "criteria": {
      "has_white_wool": "2024-06-02 10:51:48 +0000"
    },
    "done": true
  },
  "mcwtrpdoors:recipes/acacia/acacia_barrel_trapdoor": {
    "criteria": {
      "has_logs": "2024-06-02 13:24:25 +0000"
    },
    "done": true
  },
  "mcwroofs:recipes/oak_planks": {
    "criteria": {
      "has_planks": "2024-06-02 10:45:59 +0000"
    },
    "done": true
  },
  "locksmith:recipes/tools/grindstone/blank_lock": {
    "criteria": {
      "has_lock": "2024-06-01 17:17:22 +0000"
    },
    "done": true
  },
  "mcwfences:recipes/oak": {
    "criteria": {
      "has_oak": "2024-06-01 17:17:22 +0000"
    },
    "done": true
  },
  "mcwfences:recipes/spruce": {
    "criteria": {
      "has_spruce": "2024-06-01 17:17:22 +0000"
    },
    "done": true
  },
  "minecraft:recipes/combat/iron_leggings": {
    "criteria": {
      "has_iron_ingot": "2024-06-02 11:54:42 +0000"
    },
    "done": true
  },
  "mcwfences:recipes/hedge": {
    "criteria": {
      "has_birch": "2024-06-01 17:17:22 +0000"
    },
    "done": true
  },
  "croptopia:recipes/decorations/dead_bush": {
    "criteria": {
      "has_salts": "2024-06-02 11:49:19 +0000"
    },
    "done": true
  },
  "mcwfences:recipes/end": {
    "criteria": {
      "has_end_brick": "2024-06-01 17:17:22 +0000"
    },
    "done": true
  },
  "byg:recipes/byg.byg/witch_hazel_chest_boat": {
    "criteria": {
      "has_boat": "2024-06-02 11:56:50 +0000"
    },
    "done": true
  },
  "minecraft:husbandry/balanced_diet": {
    "criteria": {
      "chicken": "2024-06-02 10:57:20 +0000",
      "cooked_mutton": "2024-06-02 11:24:56 +0000",
      "cooked_chicken": "2024-06-02 13:24:54 +0000"
    },
    "done": false
  },
  "minecraft:recipes/tools/wooden_hoe": {
    "criteria": {
      "has_stick": "2024-06-02 10:47:09 +0000"
    },
    "done": true
  },
  "mcwbridges:recipes/cobblestone_bridge": {
    "criteria": {
      "has_planks": "2024-06-02 10:47:27 +0000"
    },
    "done": true
  },
  "minecraft:recipes/brewing/golden_carrot": {
    "criteria": {
      "has_gold_nugget": "2024-06-02 11:50:27 +0000"
    },
    "done": true
  },
  "minecraft:recipes/combat/shield": {
    "criteria": {
      "has_iron_ingot": "2024-06-02 11:54:42 +0000"
    },
    "done": true
  },
  "mcwtrpdoors:recipes/acacia/birch_bark_trapdoor": {
    "criteria": {
      "has_logs": "2024-06-02 11:46:14 +0000"
    },
    "done": true
  },
  "minecraft:recipes/building_blocks/cobblestone_slab": {
    "criteria": {
      "has_cobblestone": "2024-06-02 10:47:27 +0000"
    },
    "done": true
  },
  "mcwdoors:recipes/acacia": {
    "criteria": {
      "has_wood": "2024-06-02 13:24:25 +0000"
    },
    "done": true
  },
  "croptopia:recipes/shaped_steamed_broccoli": {
    "criteria": {
      "has_broccoli": "2024-06-02 11:48:53 +0000"
    },
    "done": true
  },
  "minecraft:recipes/misc/bucket": {
    "criteria": {
      "has_iron_ingot": "2024-06-02 11:54:42 +0000"
    },
    "done": true
  },
  "mcwtrpdoors:recipes/print_tropical": {
    "criteria": {
      "has_logs": "2024-06-02 13:24:25 +0000"
    },
    "done": true
  },
  "minecraft:recipes/building_blocks/cobblestone_stairs": {
    "criteria": {
      "has_cobblestone": "2024-06-02 10:47:27 +0000"
    },
    "done": true
  },
  "croptopia:recipes/cheese": {
    "criteria": {
      "has_salt": "2024-06-02 11:49:19 +0000"
    },
    "done": true
  },
  "mcwtrpdoors:recipes/birch/birch_tropical_trapdoor": {
    "criteria": {
      "has_logs": "2024-06-02 11:46:14 +0000"
    },
    "done": true
  },
  "minecraft:recipes/redstone/hopper": {
    "criteria": {
      "has_iron_ingot": "2024-06-02 11:54:42 +0000"
    },
    "done": true
  },
  "byg:recipes/byg.byg/white_mangrove_chest_boat": {
    "criteria": {
      "has_boat": "2024-06-02 11:56:50 +0000"
    },
    "done": true
  },
  "byg:recipes/byg.byg/ebony_chest_boat": {
    "criteria": {
      "has_boat": "2024-06-02 11:56:50 +0000"
    },
    "done": true
  },
  "mcwtrpdoors:recipes/acacia/mangrove_bark_trapdoor": {
    "criteria": {
      "has_logs": "2024-06-02 11:26:09 +0000"
    },
    "done": true
  },
  "mcwtrpdoors:recipes/spruce/spruce_barred_trapdoor": {
    "criteria": {
      "has_logs": "2024-06-02 11:26:09 +0000"
    },
    "done": true
  },
  "minecraft:recipes/decorations/yellow_bed_from_white_bed": {
    "criteria": {
      "has_bed": "2024-06-02 10:59:32 +0000"
    },
    "done": true
  },
  "mcwtrpdoors:recipes/birch/birch_classic_trapdoor": {
    "criteria": {
      "has_logs": "2024-06-02 11:46:14 +0000"
    },
    "done": true
  },
  "croptopia:recipes/shaped_beef_stir_fry": {
    "criteria": {
      "has_broccoli": "2024-06-02 11:48:53 +0000"
    },
    "done": true
  },
  "mcwbridges:recipes/cobblestone_bridge_pier": {
    "criteria": {
      "has_planks": "2024-06-02 10:47:27 +0000"
    },
    "done": true
  },
  "mcwbridges:recipes/iron_bridge": {
    "criteria": {
      "has_planks": "2024-06-02 11:54:42 +0000"
    },
    "done": true
  },
  "minecraft:recipes/transportation/jungle_chest_boat": {
    "criteria": {
      "has_boat": "2024-06-02 11:56:50 +0000"
    },
    "done": true
  },
  "mcwtrpdoors:recipes/birch/birch_cottage_trapdoor": {
    "criteria": {
      "has_logs": "2024-06-02 11:46:14 +0000"
    },
    "done": true
  },
  "byg:recipes/byg.byg/palm_planks": {
    "criteria": {
      "has_logs": "2024-06-02 11:58:14 +0000"
    },
    "done": true
  },
  "minecraft:recipes/decorations/white_banner": {
    "criteria": {
      "has_white_wool": "2024-06-02 10:51:48 +0000"
    },
    "done": true
  },
  "byg:recipes/byg.byg/blue_enchanted_chest_boat": {
    "criteria": {
      "has_boat": "2024-06-02 11:56:50 +0000"
    },
    "done": true
  },
  "mcwbridges:recipes/asian_red_bridge_pier": {
    "criteria": {
      "has_planks": "2024-06-02 10:45:59 +0000"
    },
    "done": true
  },
  "minecraft:recipes/combat/iron_helmet": {
    "criteria": {
      "has_iron_ingot": "2024-06-02 11:54:42 +0000"
    },
    "done": true
  },
  "minecraft:recipes/combat/bow": {
    "criteria": {
      "has_string": "2024-06-02 10:44:17 +0000"
    },
    "done": true
  },
  "minecraft:recipes/food/cooked_chicken_from_smoking": {
    "criteria": {
      "has_chicken": "2024-06-02 10:45:44 +0000"
    },
    "done": true
  },
  "minecraft:recipes/redstone/oak_fence_gate": {
    "criteria": {
      "has_planks": "2024-06-02 10:45:59 +0000"
    },
    "done": true
  },
  "rpg_classes:root": {
    "criteria": {
      "always": "2024-06-01 17:17:22 +0000"
    },
    "done": true
  },
  "minecraft:recipes/building_blocks/smooth_basalt": {
    "criteria": {
      "has_basalt": "2024-06-02 11:56:24 +0000"
    },
    "done": true
  },
  "mcwtrpdoors:recipes/bamboo/bamboo_ranch_trapdoor": {
    "criteria": {
      "has_logs": "2024-06-02 11:26:09 +0000"
    },
    "done": true
  },
  "minecraft:recipes/decorations/magenta_bed_from_white_bed": {
    "criteria": {
      "has_bed": "2024-06-02 10:59:32 +0000"
    },
    "done": true
  },
  "minecraft:recipes/decorations/iron_bars": {
    "criteria": {
      "has_iron_ingot": "2024-06-02 11:54:42 +0000"
    },
    "done": true
  },
  "croptopia:recipes/crema": {
    "criteria": {
      "has_salt": "2024-06-02 11:49:19 +0000"
    },
    "done": true
  },
  "minecraft:recipes/decorations/orange_bed_from_white_bed": {
    "criteria": {
      "has_bed": "2024-06-02 10:59:32 +0000"
    },
    "done": true
  },
  "minecraft:recipes/building_blocks/blue_wool": {
    "criteria": {
      "has_white_wool": "2024-06-02 10:51:48 +0000"
    },
    "done": true
  },
  "minecraft:recipes/transportation/acacia_chest_boat": {
    "criteria": {
      "has_boat": "2024-06-02 11:56:50 +0000"
    },
    "done": true
  },
  "minecraft:recipes/transportation/oak_chest_boat": {
    "criteria": {
      "has_boat": "2024-06-02 11:56:50 +0000"
    },
    "done": true
  },
  "minecraft:story/mine_stone": {
    "criteria": {
      "get_stone": "2024-06-02 10:47:27 +0000"
    },
    "done": true
  },
  "mcwroofs:recipes/acacia": {
    "criteria": {
      "has_planks": "2024-06-02 13:24:25 +0000"
    },
    "done": true
  },
  "minecraft:recipes/decorations/furnace": {
    "criteria": {
      "has_cobblestone": "2024-06-02 10:47:27 +0000"
    },
    "done": true
  },
  "minecraft:recipes/misc/yellow_dye_from_sunflower": {
    "criteria": {
      "has_sunflower": "2024-06-02 11:49:50 +0000"
    },
    "done": true
  },
  "minecraft:recipes/transportation/minecart": {
    "criteria": {
      "has_iron_ingot": "2024-06-02 11:54:42 +0000"
    },
    "done": true
  },
  "croptopia:recipes/pork_and_beans": {
    "criteria": {
      "has_pork": "2024-06-02 10:52:08 +0000"
    },
    "done": true
  },
  "minecraft:recipes/misc/charcoal": {
    "criteria": {
      "has_log": "2024-06-02 10:45:15 +0000"
    },
    "done": true
  },
  "minecraft:adventure/sleep_in_bed": {
    "criteria": {
      "slept_in_bed": "2024-06-02 11:00:10 +0000"
    },
    "done": true
  },
  "mcwtrpdoors:recipes/print_classic": {
    "criteria": {
      "has_logs": "2024-06-02 10:45:15 +0000"
    },
    "done": true
  },
  "minecraft:recipes/building_blocks/spruce_planks": {
    "criteria": {
      "has_logs": "2024-06-02 11:26:09 +0000"
    },
    "done": true
  },
  "minecraft:recipes/building_blocks/orange_wool": {
    "criteria": {
      "has_white_wool": "2024-06-02 10:51:48 +0000"
    },
    "done": true
  },
  "minecraft:recipes/tools/wooden_pickaxe": {
    "criteria": {
      "has_stick": "2024-06-02 10:47:09 +0000"
    },
    "done": true
  },
  "minecraft:recipes/tools/iron_hoe": {
    "criteria": {
      "has_iron_ingot": "2024-06-02 11:54:42 +0000"
    },
    "done": true
  },
  "minecraft:recipes/building_blocks/cobblestone_slab_from_cobblestone_stonecutting": {
    "criteria": {
      "has_cobblestone": "2024-06-02 10:47:27 +0000"
    },
    "done": true
  },
  "minecraft:husbandry/root": {
    "criteria": {
      "consumed_item": "2024-06-02 10:57:20 +0000"
    },
    "done": true
  },
  "mcwfences:recipes/nether": {
    "criteria": {
      "has_nether_brick": "2024-06-01 17:17:22 +0000"
    },
    "done": true
  },
  "minecraft:recipes/transportation/birch_boat": {
    "criteria": {
      "in_water": "2024-06-02 11:28:52 +0000"
    },
    "done": true
  },
  "minecraft:recipes/building_blocks/oak_stairs": {
    "criteria": {
      "has_planks": "2024-06-02 10:45:59 +0000"
    },
    "done": true
  },
  "mcwtrpdoors:recipes/spruce/spruce_ranch_trapdoor": {
    "criteria": {
      "has_logs": "2024-06-02 11:26:09 +0000"
    },
    "done": true
  },
  "minecraft:recipes/decorations/enchanting_table": {
    "criteria": {
      "has_obsidian": "2024-06-02 11:50:26 +0000"
    },
    "done": true
  },
  "mcwtrpdoors:recipes/spruce/spruce_four_panel_trapdoor": {
    "criteria": {
      "has_logs": "2024-06-02 11:26:09 +0000"
    },
    "done": true
  },
  "locksmith:recipes/redstone/grindstone/blank_lock_button": {
    "criteria": {
      "has_lock_button": "2024-06-01 17:17:22 +0000"
    },
    "done": true
  },
  "minecraft:recipes/transportation/acacia_boat": {
    "criteria": {
      "in_water": "2024-06-02 11:28:52 +0000"
    },
    "done": true
  },
  "minecraft:recipes/tools/iron_shovel": {
    "criteria": {
      "has_iron_ingot": "2024-06-02 11:54:42 +0000"
    },
    "done": true
  },
  "minecraft:recipes/redstone/iron_trapdoor": {
    "criteria": {
      "has_iron_ingot": "2024-06-02 11:54:42 +0000"
    },
    "done": true
  },
  "mcwfences:recipes/crimson": {
    "criteria": {
      "has_crimson": "2024-06-01 17:17:22 +0000"
    },
    "done": true
  },
  "minecraft:recipes/decorations/cyan_bed_from_white_bed": {
    "criteria": {
      "has_bed": "2024-06-02 10:59:32 +0000"
    },
    "done": true
  },
  "minecraft:adventure/root": {
    "criteria": {
      "killed_by_something": "2024-06-01 17:20:47 +0000"
    },
    "done": true
  },
  "minecraft:recipes/building_blocks/polished_basalt_from_basalt_stonecutting": {
    "criteria": {
      "has_basalt": "2024-06-02 11:56:24 +0000"
    },
    "done": true
  },
  "mcwfences:recipes/prismarine": {
    "criteria": {
      "has_qq": "2024-06-01 17:17:22 +0000"
    },
    "done": true
  },
  "mcwfences:recipes/bamboo": {
    "criteria": {
      "has_bamboo": "2024-06-01 17:17:22 +0000"
    },
    "done": true
  },
  "minecraft:recipes/decorations/black_bed": {
    "criteria": {
      "has_black_wool": "2024-06-02 10:51:52 +0000"
    },
    "done": true
  },
  "minecraft:recipes/transportation/dark_oak_chest_boat": {
    "criteria": {
      "has_boat": "2024-06-02 11:56:50 +0000"
    },
    "done": true
  },
  "mcwtrpdoors:recipes/acacia/acacia_four_panel_trapdoor": {
    "criteria": {
      "has_logs": "2024-06-02 13:24:25 +0000"
    },
    "done": true
  },
  "mcwtrpdoors:recipes/oak/oak_barred_trapdoor": {
    "criteria": {
      "has_logs": "2024-06-02 10:45:15 +0000"
    },
    "done": true
  },
  "croptopia:recipes/pork_jerky": {
    "criteria": {
      "has_pork": "2024-06-02 10:52:08 +0000"
    },
    "done": true
  },
  "byg:recipes/byg.byg/fir_chest_boat": {
    "criteria": {
      "has_boat": "2024-06-02 11:56:50 +0000"
    },
    "done": true
  },
  "minecraft:recipes/decorations/gray_bed_from_white_bed": {
    "criteria": {
      "has_bed": "2024-06-02 10:59:32 +0000"
    },
    "done": true
  },
  "mcwwindows:recipes/acacia": {
    "criteria": {
      "has_wood": "2024-06-02 13:24:25 +0000"
    },
    "done": true
  },
  "mcwtrpdoors:recipes/oak/oak_swamp_trapdoor": {
    "criteria": {
      "has_logs": "2024-06-02 10:45:15 +0000"
    },
    "done": true
  },
  "mcwwindows:recipes/curtains": {
    "criteria": {
      "has_wood": "2024-06-02 10:51:48 +0000"
    },
    "done": true
  },
  "minecraft:recipes/decorations/lime_bed_from_white_bed": {
    "criteria": {
      "has_bed": "2024-06-02 10:59:32 +0000"
    },
    "done": true
  },
  "mcwwindows:recipes/parapets": {
    "criteria": {
      "has_wood": "2024-06-02 10:45:59 +0000",
      "has_the_recipe": "2024-06-02 10:45:59 +0000"
    },
    "done": true
  },
  "minecraft:recipes/building_blocks/white_wool_from_string": {
    "criteria": {
      "has_string": "2024-06-02 10:44:17 +0000"
    },
    "done": true
  },
  "minecraft:recipes/tools/stone_hoe": {
    "criteria": {
      "has_cobblestone": "2024-06-02 10:47:27 +0000"
    },
    "done": true
  },
  "croptopia:recipes/carnitas": {
    "criteria": {
      "has_porkchop": "2024-06-02 10:52:08 +0000"
    },
    "done": true
  },
  "mcwtrpdoors:recipes/spruce/spruce_swamp_trapdoor": {
    "criteria": {
      "has_logs": "2024-06-02 11:26:09 +0000"
    },
    "done": true
  },
  "minecraft:adventure/kill_all_mobs": {
    "criteria": {
      "minecraft:skeleton": "2024-06-01 17:21:40 +0000",
      "minecraft:spider": "2024-06-02 10:44:17 +0000",
      "minecraft:slime": "2024-06-02 11:28:11 +0000",
      "minecraft:zombie": "2024-06-02 11:31:27 +0000"
    },
    "done": false
  },
  "mcwfences:recipes/quartz": {
    "criteria": {
      "has_qq": "2024-06-01 17:17:22 +0000"
    },
    "done": true
  },
  "locksmith:recipes/tools/blank_lock": {
    "criteria": {
      "has_iron_nugget": "2024-06-01 17:17:22 +0000"
    },
    "done": true
  },
  "croptopia:recipes/croptopia.croptopia/frying_pan": {
    "criteria": {
      "has_iron": "2024-06-02 11:54:42 +0000"
    },
    "done": true
  },
  "locksmith:recipes/redstone/blank_lock_button": {
    "criteria": {
      "has_blank_lock": "2024-06-01 17:17:22 +0000"
    },
    "done": true
  },
  "minecraft:recipes/decorations/green_bed_from_white_bed": {
    "criteria": {
      "has_bed": "2024-06-02 10:59:32 +0000"
    },
    "done": true
  },
  "mcwtrpdoors:recipes/spruce/spruce_tropical_trapdoor": {
    "criteria": {
      "has_logs": "2024-06-02 11:26:09 +0000"
    },
    "done": true
  },
  "minecraft:recipes/building_blocks/birch_wood": {
    "criteria": {
      "has_log": "2024-06-02 11:46:14 +0000"
    },
    "done": true
  },
  "mcwdoors:recipes/metal": {
    "criteria": {
      "has_wood": "2024-06-02 11:54:42 +0000"
    },
    "done": true
  },
  "mcwtrpdoors:recipes/birch/birch_barred_trapdoor": {
    "criteria": {
      "has_logs": "2024-06-02 11:46:14 +0000"
    },
    "done": true
  },
  "byg:recipes/byg.byg/mahogany_chest_boat": {
    "criteria": {
      "has_boat": "2024-06-02 11:56:50 +0000"
    },
    "done": true
  },
  "locksmith:recipes/tools/lockpick": {
    "criteria": {
      "has_netherite_ingot": "2024-06-01 17:17:22 +0000"
    },
    "done": true
  },
  "mcwbridges:recipes/cobblestone_bridge_stair": {
    "criteria": {
      "has_planks": "2024-06-02 10:47:27 +0000"
    },
    "done": true
  },
  "minecraft:recipes/decorations/white_carpet": {
    "criteria": {
      "has_white_wool": "2024-06-02 10:51:48 +0000"
    },
    "done": true
  },
  "minecraft:recipes/decorations/pink_bed_from_white_bed": {
    "criteria": {
      "has_bed": "2024-06-02 10:59:32 +0000"
    },
    "done": true
  },
  "minecraft:recipes/food/cooked_chicken_from_campfire_cooking": {
    "criteria": {
      "has_chicken": "2024-06-02 10:45:44 +0000"
    },
    "done": true
  },
  "minecraft:recipes/food/cooked_mutton_from_smoking": {
    "criteria": {
      "has_mutton": "2024-06-02 10:51:48 +0000"
    },
    "done": true
  },
  "mcwbridges:recipes/balustrade_cobblestone_bridge": {
    "criteria": {
      "has_planks": "2024-06-02 10:47:27 +0000"
    },
    "done": true
  },
  "mcwtrpdoors:recipes/birch/birch_glass_trapdoor": {
    "criteria": {
      "has_logs": "2024-06-02 11:46:14 +0000"
    },
    "done": true
  },
  "minecraft:recipes/transportation/birch_chest_boat": {
    "criteria": {
      "has_boat": "2024-06-02 11:56:50 +0000"
    },
    "done": true
  },
  "betterdeserttemples:root": {
    "criteria": {
      "always": "2024-06-01 17:17:22 +0000"
    },
    "done": true
  },
  "minecraft:recipes/misc/gold_ingot_from_nuggets": {
    "criteria": {
      "has_gold_nugget": "2024-06-02 11:50:27 +0000"
    },
    "done": true
  },
  "minecraft:recipes/decorations/chain": {
    "criteria": {
      "has_iron_nugget": "2024-06-02 11:50:28 +0000"
    },
    "done": true
  },
  "minecraft:story/upgrade_tools": {
    "criteria": {
      "stone_pickaxe": "2024-06-02 10:47:38 +0000"
    },
    "done": true
  },
  "croptopia:getseeds": {
    "criteria": {
      "has_seeds": "2024-06-02 11:48:53 +0000"
    },
    "done": true
  },
  "minecraft:recipes/decorations/oak_fence": {
    "criteria": {
      "has_planks": "2024-06-02 10:45:59 +0000"
    },
    "done": true
  },
  "byg:recipes/byg.byg/baobab_chest_boat": {
    "criteria": {
      "has_boat": "2024-06-02 11:56:50 +0000"
    },
    "done": true
  },
  "minecraft:recipes/transportation/oak_boat": {
    "criteria": {
      "in_water": "2024-06-02 11:28:52 +0000"
    },
    "done": true
  },
  "mcwtrpdoors:recipes/birch/birch_barn_trapdoor": {
    "criteria": {
      "has_logs": "2024-06-02 11:46:14 +0000"
    },
    "done": true
  },
  "minecraft:recipes/decorations/blue_bed_from_white_bed": {
    "criteria": {
      "has_bed": "2024-06-02 10:59:32 +0000"
    },
    "done": true
  },
  "minecraft:recipes/food/cooked_porkchop": {
    "criteria": {
      "has_porkchop": "2024-06-02 10:52:08 +0000"
    },
    "done": true
  },
  "minecraft:recipes/building_blocks/oak_slab": {
    "criteria": {
      "has_planks": "2024-06-02 10:45:59 +0000"
    },
    "done": true
  },
  "byg:recipes/byg.byg/palm_chest_boat": {
    "criteria": {
      "has_boat": "2024-06-02 11:56:50 +0000"
    },
    "done": true
  },
  "minecraft:recipes/food/cooked_porkchop_from_campfire_cooking": {
    "criteria": {
      "has_porkchop": "2024-06-02 10:52:08 +0000"
    },
    "done": true
  },
  "comforts:hammock_white": {
    "criteria": {
      "has_white_wool": "2024-06-02 10:51:48 +0000"
    },
    "done": true
  },
  "minecraft:recipes/tools/wooden_axe": {
    "criteria": {
      "has_stick": "2024-06-02 10:47:09 +0000"
    },
    "done": true
  },
  "minecraft:recipes/building_blocks/lime_wool": {
    "criteria": {
      "has_white_wool": "2024-06-02 10:51:48 +0000"
    },
    "done": true
  },
  "mcwtrpdoors:recipes/birch/birch_barrel_trapdoor": {
    "criteria": {
      "has_logs": "2024-06-02 11:46:14 +0000"
    },
    "done": true
  },
  "minecraft:recipes/decorations/cyan_glazed_terracotta": {
    "criteria": {
      "has_cyan_terracotta": "2024-06-02 11:30:51 +0000"
    },
    "done": true
  },
  "croptopia:recipes/croptopia.croptopia/knife": {
    "criteria": {
      "has_iron": "2024-06-02 11:54:42 +0000"
    },
    "done": true
  },
  "mcwfences:recipes/deepslate": {
    "criteria": {
      "has_deepslate": "2024-06-01 17:17:22 +0000"
    },
    "done": true
  },
  "minecraft:recipes/building_blocks/black_wool": {
    "criteria": {
      "has_white_wool": "2024-06-02 10:51:48 +0000"
    },
    "done": true
  },
  "croptopia:recipes/egg_roll": {
    "criteria": {
      "has_egg": "2024-06-02 10:51:40 +0000"
    },
    "done": true
  },
  "alloy_forgery:recipes/alloy_forgery/iron_block": {
    "criteria": {
      "has_the_recipe": "2024-06-02 11:54:42 +0000"
    },
    "done": true
  },
  "minecraft:recipes/decorations/loom": {
    "criteria": {
      "has_string": "2024-06-02 10:44:17 +0000"
    },
    "done": true
  },
  "minecraft:recipes/building_blocks/green_wool": {
    "criteria": {
      "has_white_wool": "2024-06-02 10:51:48 +0000"
    },
    "done": true
  },
  "locksmith:recipes/decorations/locksmithing_table": {
    "criteria": {
      "has_iron_nugget": "2024-06-01 17:17:22 +0000"
    },
    "done": true
  },
  "mcwbridges:recipes/spruce_bridge_pier": {
    "criteria": {
      "has_planks": "2024-06-02 11:26:09 +0000"
    },
    "done": true
  },
  "mcwbridges:recipes/oak_log_bridge_middle": {
    "criteria": {
      "has_planks": "2024-06-02 10:45:59 +0000"
    },
    "done": true
  },
  "mcwwindows:recipes/blinds": {
    "criteria": {
      "has_wood": "2024-06-02 10:45:59 +0000"
    },
    "done": true
  },
  "byg:recipes/byg.byg/skyris_chest_boat": {
    "criteria": {
      "has_boat": "2024-06-02 11:56:50 +0000"
    },
    "done": true
  },
  "minecraft:recipes/building_blocks/brown_wool": {
    "criteria": {
      "has_white_wool": "2024-06-02 10:51:48 +0000"
    },
    "done": true
  },
  "minecraft:recipes/redstone/slime_block": {
    "criteria": {
      "has_slime_ball": "2024-06-02 11:28:14 +0000"
    },
    "done": true
  },
  "byg:recipes/byg.byg/zelkova_chest_boat": {
    "criteria": {
      "has_boat": "2024-06-02 11:56:50 +0000"
    },
    "done": true
  },
  "mcwfences:recipes/sandstone": {
    "criteria": {
      "has_sand": "2024-06-01 17:17:22 +0000"
    },
    "done": true
  },
  "byg:recipes/byg.byg/palm_wood": {
    "criteria": {
      "has_log": "2024-06-02 11:58:14 +0000"
    },
    "done": true
  },
  "mcwfences:recipes/mud_brick": {
    "criteria": {
      "has_qq": "2024-06-01 17:17:22 +0000"
    },
    "done": true
  },
  "mcwroofs:recipes/gutters": {
    "criteria": {
      "has_planks": "2024-06-02 11:54:42 +0000"
    },
    "done": true
  },
  "mcwbridges:recipes/iron_bridge_pier": {
    "criteria": {
      "has_planks": "2024-06-02 11:54:42 +0000"
    },
    "done": true
  },
  "croptopia:recipes/documentation": {
    "criteria": {
      "has_crop": "2024-06-02 11:48:53 +0000"
    },
    "done": true
  },
  "mcwbridges:recipes/pliers": {
    "criteria": {
      "has_planks": "2024-06-02 11:54:42 +0000"
    },
    "done": true
  },
  "minecraft:recipes/building_blocks/iron_block": {
    "criteria": {
      "has_iron_ingot": "2024-06-02 11:54:42 +0000"
    },
    "done": true
  },
  "minecraft:recipes/decorations/painting": {
    "criteria": {
      "has_wool": "2024-06-02 10:51:48 +0000"
    },
    "done": true
  },
  "mcwtrpdoors:recipes/oak/oak_cottage_trapdoor": {
    "criteria": {
      "has_logs": "2024-06-02 10:45:15 +0000"
    },
    "done": true
  },
  "croptopia:recipes/scrambled_eggs": {
    "criteria": {
      "has_egg": "2024-06-02 10:51:40 +0000"
    },
    "done": true
  },
  "mcwroofs:recipes/cobblestone": {
    "criteria": {
      "has_planks": "2024-06-02 10:47:27 +0000"
    },
    "done": true
  },
  "mcwbridges:recipes/oak_bridge_pier": {
    "criteria": {
      "has_planks": "2024-06-02 10:45:15 +0000"
    },
    "done": true
  },
  "mcwtrpdoors:recipes/acacia/acacia_bark_trapdoor": {
    "criteria": {
      "has_logs": "2024-06-02 13:24:25 +0000"
    },
    "done": true
  },
  "mcwtrpdoors:recipes/acacia/acacia_classic_trapdoor": {
    "criteria": {
      "has_logs": "2024-06-02 13:24:25 +0000"
    },
    "done": true
  },
  "mcwtrpdoors:recipes/oak/oak_four_panel_trapdoor": {
    "criteria": {
      "has_logs": "2024-06-02 10:45:15 +0000"
    },
    "done": true
  },
  "minecraft:recipes/building_blocks/acacia_wood": {
    "criteria": {
      "has_log": "2024-06-02 13:24:25 +0000"
    },
    "done": true
  },
  "mcwfences:recipes/mangrove": {
    "criteria": {
      "has_mangrove": "2024-06-01 17:17:22 +0000"
    },
    "done": true
  },
  "mcwfences:recipes/warped": {
    "criteria": {
      "has_warped": "2024-06-01 17:17:22 +0000"
    },
    "done": true
  },
  "minecraft:recipes/combat/arrow": {
    "criteria": {
      "has_feather": "2024-06-02 10:51:37 +0000"
    },
    "done": true
  },
  "minecraft:recipes/decorations/black_carpet": {
    "criteria": {
      "has_black_wool": "2024-06-02 10:51:52 +0000"
    },
    "done": true
  },
  "minecraft:recipes/building_blocks/spruce_wood": {
    "criteria": {
      "has_log": "2024-06-02 11:26:09 +0000"
    },
    "done": true
  },
  "croptopia:recipes/cashew_chicken": {
    "criteria": {
      "has_cooked_chicken": "2024-06-02 11:56:36 +0000"
    },
    "done": true
  },
  "minecraft:recipes/misc/gold_nugget_from_blasting": {
    "criteria": {
      "has_golden_axe": "2024-06-02 11:50:27 +0000"
    },
    "done": true
  },
  "minecraft:recipes/building_blocks/light_blue_wool": {
    "criteria": {
      "has_white_wool": "2024-06-02 10:51:48 +0000"
    },
    "done": true
  },
  "minecraft:recipes/combat/wooden_sword": {
    "criteria": {
      "has_stick": "2024-06-02 10:47:09 +0000"
    },
    "done": true
  },
  "minecraft:recipes/tools/stone_shovel": {
    "criteria": {
      "has_cobblestone": "2024-06-02 10:47:27 +0000"
    },
    "done": true
  },
  "croptopia:gather_plains": {
    "criteria": {
      "bellpepper_seed": "2024-06-02 11:54:01 +0000",
      "broccoli_seed": "2024-06-02 11:48:53 +0000"
    },
    "done": false
  },
  "betterdungeons:zombie_dungeon": {
    "criteria": {
      "in_better_zombie_dungeon": "2024-06-02 11:30:53 +0000"
    },
    "done": true
  },
  "minecraft:recipes/building_blocks/oak_planks": {
    "criteria": {
      "has_logs": "2024-06-02 10:45:15 +0000"
    },
    "done": true
  },
  "mcwtrpdoors:recipes/spruce/spruce_beach_trapdoor": {
    "criteria": {
      "has_logs": "2024-06-02 11:26:09 +0000"
    },
    "done": true
  },
  "byg:recipes/byg.byg/aspen_chest_boat": {
    "criteria": {
      "has_boat": "2024-06-02 11:56:50 +0000"
    },
    "done": true
  },
  "mcwtrpdoors:recipes/metal/metal_warning_trapdoor": {
    "criteria": {
      "has_logs": "2024-06-02 11:54:42 +0000"
    },
    "done": true
  },
  "mcwtrpdoors:recipes/oak/oak_ranch_trapdoor": {
    "criteria": {
      "has_logs": "2024-06-02 10:45:15 +0000"
    },
    "done": true
  },
  "minecraft:recipes/tools/iron_axe": {
    "criteria": {
      "has_iron_ingot": "2024-06-02 11:54:42 +0000"
    },
    "done": true
  },
  "byg:recipes/byg.byg/cypress_chest_boat": {
    "criteria": {
      "has_boat": "2024-06-02 11:56:50 +0000"
    },
    "done": true
  },
  "mcwfences:recipes/birch": {
    "criteria": {
      "has_birch": "2024-06-01 17:17:22 +0000"
    },
    "done": true
  },
  "croptopia:recipes/shaped_bacon": {
    "criteria": {
      "has_porkchop": "2024-06-02 10:52:08 +0000"
    },
    "done": true
  },
  "minecraft:recipes/transportation/mangrove_chest_boat": {
    "criteria": {
      "has_boat": "2024-06-02 11:56:50 +0000"
    },
    "done": true
  },
  "minecraft:recipes/building_blocks/polished_andesite_stairs_from_polished_andesite_stonecutting": {
    "criteria": {
      "has_polished_andesite": "2024-06-02 11:31:58 +0000"
    },
    "done": true
  },
  "byg:recipes/byg.byg/cika_chest_boat": {
    "criteria": {
      "has_boat": "2024-06-02 11:56:50 +0000"
    },
    "done": true
  },
  "byg:recipes/byg.byg/rainbow_eucalyptus_chest_boat": {
    "criteria": {
      "has_boat": "2024-06-02 11:56:50 +0000"
    },
    "done": true
  },
  "minecraft:recipes/decorations/black_banner": {
    "criteria": {
      "has_black_wool": "2024-06-02 10:51:52 +0000"
    },
    "done": true
  },
  "minecraft:recipes/tools/lead": {
    "criteria": {
      "has_slime_ball": "2024-06-02 11:28:14 +0000"
    },
    "done": true
  },
  "byg:recipes/byg.byg/willow_chest_boat": {
    "criteria": {
      "has_boat": "2024-06-02 11:56:50 +0000"
    },
    "done": true
  },
  "minecraft:recipes/redstone/tripwire_hook": {
    "criteria": {
      "has_string": "2024-06-02 10:44:17 +0000"
    },
    "done": true
  },
  "minecraft:recipes/redstone/oak_pressure_plate": {
    "criteria": {
      "has_planks": "2024-06-02 10:45:59 +0000"
    },
    "done": true
  },
  "mcwwindows:recipes/birch": {
    "criteria": {
      "has_wood": "2024-06-02 11:46:14 +0000"
    },
    "done": true
  },
  "mcwwindows:recipes/shutters": {
    "criteria": {
      "has_wood": "2024-06-02 10:45:59 +0000"
    },
    "done": true
  },
  "minecraft:recipes/combat/iron_boots": {
    "criteria": {
      "has_iron_ingot": "2024-06-02 11:54:42 +0000"
    },
    "done": true
  },
  "croptopia:recipes/chicken_and_rice": {
    "criteria": {
      "has_chicken": "2024-06-02 10:45:44 +0000"
    },
    "done": true
  },
  "minecraft:recipes/building_blocks/birch_planks": {
    "criteria": {
      "has_logs": "2024-06-02 11:46:14 +0000"
    },
    "done": true
  },
  "mcwtrpdoors:recipes/spruce/spruce_classic_trapdoor": {
    "criteria": {
      "has_logs": "2024-06-02 11:26:09 +0000"
    },
    "done": true
  },
  "locksmith:recipes/tools/grindstone/blank_key": {
    "criteria": {
      "has_key": "2024-06-01 17:17:22 +0000"
    },
    "done": true
  },
  "mcwbridges:recipes/rope_oak_bridge": {
    "criteria": {
      "has_planks": "2024-06-02 10:45:59 +0000"
    },
    "done": true
  },
  "croptopia:recipes/fajitas": {
    "criteria": {
      "has_bellpepper": "2024-06-02 11:54:01 +0000"
    },
    "done": true
  },
  "mcwtrpdoors:recipes/acacia/acacia_barn_trapdoor": {
    "criteria": {
      "has_logs": "2024-06-02 13:24:25 +0000"
    },
    "done": true
  },
  "comforts:sleeping_bag_white": {
    "criteria": {
      "has_white_wool": "2024-06-02 10:51:48 +0000"
    },
    "done": true
  },
  "minecraft:recipes/building_blocks/polished_basalt": {
    "criteria": {
      "has_basalt": "2024-06-02 11:56:24 +0000"
    },
    "done": true
  },
  "minecraft:recipes/building_blocks/oak_wood": {
    "criteria": {
      "has_log": "2024-06-02 10:45:15 +0000"
    },
    "done": true
  },
  "minecraft:story/root": {
    "criteria": {
      "crafting_table": "2024-06-02 10:46:09 +0000"
    },
    "done": true
  },
  "minecraft:recipes/combat/crossbow": {
    "criteria": {
      "has_string": "2024-06-02 10:44:17 +0000"
    },
    "done": true
  },
  "minecraft:recipes/combat/iron_chestplate": {
    "criteria": {
      "has_iron_ingot": "2024-06-02 11:54:42 +0000"
    },
    "done": true
  },
  "minecraft:recipes/building_blocks/yellow_wool": {
    "criteria": {
      "has_white_wool": "2024-06-02 10:51:48 +0000"
    },
    "done": true
  },
  "minecraft:recipes/transportation/spruce_chest_boat": {
    "criteria": {
      "has_boat": "2024-06-02 11:56:50 +0000"
    },
    "done": true
  },
  "minecraft:recipes/decorations/oak_sign": {
    "criteria": {
      "has_planks": "2024-06-02 10:45:59 +0000"
    },
    "done": true
  },
  "minecraft:recipes/food/cooked_porkchop_from_smoking": {
    "criteria": {
      "has_porkchop": "2024-06-02 10:52:08 +0000"
    },
    "done": true
  },
  "minecraft:recipes/redstone/oak_trapdoor": {
    "criteria": {
      "has_planks": "2024-06-02 10:45:59 +0000"
    },
    "done": true
  },
  "minecraft:story/form_obsidian": {
    "criteria": {
      "obsidian": "2024-06-02 11:50:26 +0000"
    },
    "done": true
  },
  "mcwroofs:recipes/birch": {
    "criteria": {
      "has_planks": "2024-06-02 11:46:14 +0000"
    },
    "done": true
  },
  "comforts:rope_and_nail": {
    "criteria": {
      "has_iron": "2024-06-02 11:54:42 +0000"
    },
    "done": true
  },
  "mcwtrpdoors:recipes/birch/birch_beach_trapdoor": {
    "criteria": {
      "has_logs": "2024-06-02 11:46:14 +0000"
    },
    "done": true
  },
  "byg:recipes/byg.byg/green_enchanted_chest_boat": {
    "criteria": {
      "has_boat": "2024-06-02 11:56:50 +0000"
    },
    "done": true
  },
  "minecraft:recipes/decorations/light_blue_bed_from_white_bed": {
    "criteria": {
      "has_bed": "2024-06-02 10:59:32 +0000"
    },
    "done": true
  },
  "betterdungeons:root": {
    "criteria": {
      "always": "2024-06-01 17:17:22 +0000"
    },
    "done": true
  },
  "mcwlights:recipes/lantern": {
    "criteria": {
      "has_the_recipe": "2024-06-02 10:47:38 +0000"
    },
    "done": true
  },
  "minecraft:recipes/building_blocks/acacia_planks": {
    "criteria": {
      "has_log": "2024-06-02 13:24:25 +0000"
    },
    "done": true
  },
  "byg:recipes/byg.byg/pine_chest_boat": {
    "criteria": {
      "has_boat": "2024-06-02 11:56:50 +0000"
    },
    "done": true
  },
  "minecraft:adventure/kill_a_mob": {
    "criteria": {
      "minecraft:skeleton": "2024-06-01 17:21:40 +0000"
    },
    "done": true
  },
  "minecraft:recipes/redstone/oak_button": {
    "criteria": {
      "has_planks": "2024-06-02 10:45:59 +0000"
    },
    "done": true
  },
  "mcwtrpdoors:recipes/print_cottage": {
    "criteria": {
      "has_logs": "2024-06-02 11:26:09 +0000"
    },
    "done": true
  },
  "mcwtrpdoors:recipes/birch/birch_four_panel_trapdoor": {
    "criteria": {
      "has_logs": "2024-06-02 11:46:14 +0000"
    },
    "done": true
  },
  "mcwtrpdoors:recipes/oak/oak_glass_trapdoor": {
    "criteria": {
      "has_logs": "2024-06-02 10:45:15 +0000"
    },
    "done": true
  },
  "mcwtrpdoors:recipes/acacia/oak_bark_trapdoor": {
    "criteria": {
      "has_logs": "2024-06-02 10:45:15 +0000"
    },
    "done": true
  },
  "byg:root": {
    "criteria": {
      "tick": "2024-06-01 17:17:22 +0000"
    },
    "done": true
  },
  "mcwtrpdoors:recipes/metal/metal_trapdoor": {
    "criteria": {
      "has_logs": "2024-06-02 11:54:42 +0000"
    },
    "done": true
  },
  "byg:adventure/oh_the_biomes_youll_go": {
    "criteria": {
      "byg:prairie": "2024-06-02 11:29:50 +0000",
      "byg:basalt_barrera": "2024-06-02 11:51:24 +0000"
    },
    "done": false
  },
  "mcwtrpdoors:recipes/spruce/spruce_paper_trapdoor": {
    "criteria": {
      "has_logs": "2024-06-02 11:26:09 +0000"
    },
    "done": true
  },
  "minecraft:recipes/redstone/sticky_piston": {
    "criteria": {
      "has_slime_ball": "2024-06-02 11:28:14 +0000"
    },
    "done": true
  },
  "mcwfences:recipes/blackstone": {
    "criteria": {
      "has_blackstone": "2024-06-01 17:17:22 +0000"
    },
    "done": true
  },
  "mcwtrpdoors:recipes/acacia/acacia_cottage_trapdoor": {
    "criteria": {
      "has_logs": "2024-06-02 13:24:25 +0000"
    },
    "done": true
  },
  "minecraft:recipes/building_blocks/stone": {
    "criteria": {
      "has_cobblestone": "2024-06-02 10:47:27 +0000"
    },
    "done": true
  },
  "mcwtrpdoors:recipes/spruce/spruce_glass_trapdoor": {
    "criteria": {
      "has_logs": "2024-06-02 11:26:09 +0000"
    },
    "done": true
  },
  "mcwlights:recipes/torches": {
    "criteria": {
      "has_the_recipe": "2024-06-02 10:47:38 +0000"
    },
    "done": true
  },
  "mcwtrpdoors:recipes/acacia/spruce_bark_trapdoor": {
    "criteria": {
      "has_logs": "2024-06-02 11:26:09 +0000"
    },
    "done": true
  },
  "minecraft:adventure/adventuring_time": {
    "criteria": {
      "minecraft:deep_ocean": "2024-06-02 11:57:34 +0000",
      "minecraft:sunflower_plains": "2024-06-02 11:30:10 +0000",
      "minecraft:windswept_hills": "2024-06-02 11:25:56 +0000",
      "minecraft:beach": "2024-06-02 11:58:04 +0000",
      "minecraft:river": "2024-06-02 11:29:08 +0000",
      "minecraft:lukewarm_ocean": "2024-06-02 11:57:42 +0000",
      "minecraft:swamp": "2024-06-02 11:27:12 +0000",
      "minecraft:ocean": "2024-06-02 11:57:15 +0000",
      "minecraft:deep_lukewarm_ocean": "2024-06-02 13:31:10 +0000",
      "minecraft:flower_forest": "2024-06-02 11:29:30 +0000",
      "minecraft:savanna": "2024-06-02 13:22:50 +0000",
      "minecraft:plains": "2024-06-01 17:17:23 +0000"
    },
    "done": false
  },
  "byg:husbandry/root": {
    "criteria": {
      "consumed_item": "2024-06-02 10:57:20 +0000"
    },
    "done": true
  },
  "minecraft:recipes/redstone/iron_door": {
    "criteria": {
      "has_iron_ingot": "2024-06-02 11:54:42 +0000"
    },
    "done": true
  },
  "minecraft:recipes/decorations/purple_bed_from_white_bed": {
    "criteria": {
      "has_bed": "2024-06-02 10:59:32 +0000"
    },
    "done": true
  },
  "mcwbridges:recipes/birch_bridge_pier": {
    "criteria": {
      "has_planks": "2024-06-02 11:46:14 +0000"
    },
    "done": true
  },
  "mcwbridges:recipes/oak_rail_bridge": {
    "criteria": {
      "has_planks": "2024-06-02 10:45:59 +0000"
    },
    "done": true
  },
  "minecraft:recipes/combat/stone_sword": {
    "criteria": {
      "has_cobblestone": "2024-06-02 10:47:27 +0000"
    },
    "done": true
  },
  "mcwtrpdoors:recipes/print_paper": {
    "criteria": {
      "has_logs": "2024-06-02 11:46:14 +0000"
    },
    "done": true
  },
  "minecraft:recipes/decorations/barrel": {
    "criteria": {
      "has_planks": "2024-06-02 10:45:59 +0000"
    },
    "done": true
  },
  "minecraft:recipes/decorations/cobblestone_wall": {
    "criteria": {
      "has_cobblestone": "2024-06-02 10:47:27 +0000"
    },
    "done": true
  },
  "mcwtrpdoors:recipes/birch/birch_swamp_trapdoor": {
    "criteria": {
      "has_logs": "2024-06-02 11:46:14 +0000"
    },
    "done": true
  },
  "croptopia:recipes/shaped_stir_fry": {
    "criteria": {
      "has_broccoli": "2024-06-02 11:48:53 +0000"
    },
    "done": true
  },
  "minecraft:recipes/brewing/fermented_spider_eye": {
    "criteria": {
      "has_spider_eye": "2024-06-02 11:27:29 +0000"
    },
    "done": true
  },
  "croptopia:recipes/croptopia.croptopia/cooking_pot": {
    "criteria": {
      "has_iron": "2024-06-02 11:54:42 +0000"
    },
    "done": true
  },
  "mcwtrpdoors:recipes/acacia/acacia_barred_trapdoor": {
    "criteria": {
      "has_logs": "2024-06-02 13:24:25 +0000"
    },
    "done": true
  },
  "minecraft:recipes/tools/stone_pickaxe": {
    "criteria": {
      "has_cobblestone": "2024-06-02 10:47:27 +0000"
    },
    "done": true
  },
  "mcwbridges:recipes/bridge_torch": {
    "criteria": {
      "has_planks": "2024-06-02 10:48:52 +0000"
    },
    "done": true
  },
  "minecraft:recipes/misc/iron_ingot_from_nuggets": {
    "criteria": {
      "has_iron_nugget": "2024-06-02 11:50:28 +0000"
    },
    "done": true
  },
  "minecraft:recipes/decorations/smithing_table": {
    "criteria": {
      "has_iron_ingot": "2024-06-02 11:54:42 +0000"
    },
    "done": true
  },
  "mcwtrpdoors:recipes/spruce/spruce_barrel_trapdoor": {
    "criteria": {
      "has_logs": "2024-06-02 11:26:09 +0000"
    },
    "done": true
  },
  "minecraft:recipes/redstone/oak_door": {
    "criteria": {
      "has_planks": "2024-06-02 10:45:59 +0000"
    },
    "done": true
  },
  "mcwtrpdoors:recipes/spruce/spruce_mystic_trapdoor": {
    "criteria": {
      "has_logs": "2024-06-02 11:26:09 +0000"
    },
    "done": true
  },
  "minecraft:recipes/transportation/jungle_boat": {
    "criteria": {
      "in_water": "2024-06-02 11:28:52 +0000"
    },
    "done": true
  },
  "minecraft:recipes/misc/red_dye_from_tulip": {
    "criteria": {
      "has_red_flower": "2024-06-02 11:47:31 +0000"
    },
    "done": true
  },
  "minecraft:recipes/decorations/cobblestone_wall_from_cobblestone_stonecutting": {
    "criteria": {
      "has_cobblestone": "2024-06-02 10:47:27 +0000"
    },
    "done": true
  },
  "mcwfences:recipes/acacia": {
    "criteria": {
      "has_acacia": "2024-06-01 17:17:22 +0000"
    },
    "done": true
  },
  "mcwlights:recipes/paper_lamp": {
    "criteria": {
      "has_the_recipe": "2024-06-02 10:47:38 +0000"
    },
    "done": true
  },
  "minecraft:recipes/building_blocks/polished_andesite_slab_from_polished_andesite_stonecutting": {
    "criteria": {
      "has_polished_andesite": "2024-06-02 11:31:58 +0000"
    },
    "done": true
  },
  "minecraft:recipes/misc/orange_dye_from_orange_tulip": {
    "criteria": {
      "has_orange_tulip": "2024-06-02 11:47:29 +0000"
    },
    "done": true
  },
  "minecraft:recipes/redstone/heavy_weighted_pressure_plate": {
    "criteria": {
      "has_iron_ingot": "2024-06-02 11:54:42 +0000"
    },
    "done": true
  },
  "minecraft:recipes/transportation/dark_oak_boat": {
    "criteria": {
      "in_water": "2024-06-02 11:28:52 +0000"
    },
    "done": true
  },
  "minecraft:recipes/building_blocks/pink_wool": {
    "criteria": {
      "has_white_wool": "2024-06-02 10:51:48 +0000"
    },
    "done": true
  },
  "mcwtrpdoors:recipes/oak/oak_beach_trapdoor": {
    "criteria": {
      "has_logs": "2024-06-02 10:45:15 +0000"
    },
    "done": true
  },
  "mcwtrpdoors:recipes/birch/birch_mystic_trapdoor": {
    "criteria": {
      "has_logs": "2024-06-02 11:46:14 +0000"
    },
    "done": true
  },
  "mcwtrpdoors:recipes/acacia/acacia_swamp_trapdoor": {
    "criteria": {
      "has_logs": "2024-06-02 13:24:25 +0000"
    },
    "done": true
  },
  "minecraft:recipes/decorations/brown_bed_from_white_bed": {
    "criteria": {
      "has_bed": "2024-06-02 10:59:32 +0000"
    },
    "done": true
  },
  "dungeons_arise:wda_root": {
    "criteria": {
      "WDA": "2024-06-01 17:17:22 +0000"
    },
    "done": true
  },
  "mcwwindows:recipes/oak": {
    "criteria": {
      "has_wood": "2024-06-02 10:45:15 +0000"
    },
    "done": true
  },
  "mcwwindows:recipes/spruce": {
    "criteria": {
      "has_wood": "2024-06-02 11:26:09 +0000"
    },
    "done": true
  },
  "byg:recipes/byg.byg/holly_chest_boat": {
    "criteria": {
      "has_boat": "2024-06-02 11:56:50 +0000"
    },
    "done": true
  },
  "byg:recipes/byg.byg/cherry_chest_boat": {
    "criteria": {
      "has_boat": "2024-06-02 11:56:50 +0000"
    },
    "done": true
  },
  "mcwlights:recipes/lava_lamp": {
    "criteria": {
      "has_wood": "2024-06-02 11:54:42 +0000"
    },
    "done": true
  },
  "minecraft:recipes/decorations/lantern": {
    "criteria": {
      "has_iron_nugget": "2024-06-02 11:50:28 +0000"
    },
    "done": true
  },
  "mcwfences:recipes/dark_oak": {
    "criteria": {
      "has_dark_oak": "2024-06-01 17:17:22 +0000"
    },
    "done": true
  },
  "mcwlights:recipes/garden_light": {
    "criteria": {
      "has_wood": "2024-06-02 11:54:42 +0000"
    },
    "done": true
  },
  "croptopia:recipes/croptopia.croptopia/broccoli_seed": {
    "criteria": {
      "has_broccoli": "2024-06-02 11:48:53 +0000"
    },
    "done": true
  },
  "mcwbridges:recipes/acacia_bridge_pier": {
    "criteria": {
      "has_planks": "2024-06-02 13:24:25 +0000"
    },
    "done": true
  },
  "mcwtrpdoors:recipes/birch/birch_ranch_trapdoor": {
    "criteria": {
      "has_logs": "2024-06-02 11:46:14 +0000"
    },
    "done": true
  },
  "mcwtrpdoors:recipes/oak/oak_paper_trapdoor": {
    "criteria": {
      "has_logs": "2024-06-02 10:45:15 +0000"
    },
    "done": true
  },
  "mcwroofs:recipes/awning": {
    "criteria": {
      "has_planks": "2024-06-02 10:51:48 +0000"
    },
    "done": true
  },
  "minecraft:recipes/misc/gold_nugget_from_smelting": {
    "criteria": {
      "has_golden_axe": "2024-06-02 11:50:27 +0000"
    },
    "done": true
  },
  "croptopia:salt": {
    "criteria": {
      "salt": "2024-06-02 11:49:19 +0000"
    },
    "done": true
  },
  "mcwdoors:recipes/birch": {
    "criteria": {
      "has_wood": "2024-06-02 11:46:14 +0000"
    },
    "done": true
  },
  "minecraft:recipes/building_blocks/light_gray_wool": {
    "criteria": {
      "has_white_wool": "2024-06-02 10:51:48 +0000"
    },
    "done": true
  },
  "minecraft:recipes/food/cooked_chicken": {
    "criteria": {
      "has_chicken": "2024-06-02 10:45:44 +0000"
    },
    "done": true
  },
  "minecraft:recipes/decorations/red_bed_from_white_bed": {
    "criteria": {
      "has_bed": "2024-06-02 10:59:32 +0000"
    },
    "done": true
  },
  "minecraft:recipes/building_blocks/red_wool": {
    "criteria": {
      "has_white_wool": "2024-06-02 10:51:48 +0000"
    },
    "done": true
  },
  "mcwtrpdoors:recipes/oak/oak_barrel_trapdoor": {
    "criteria": {
      "has_logs": "2024-06-02 10:45:15 +0000"
    },
    "done": true
  },
  "croptopia:recipes/chicken_and_noodles": {
    "criteria": {
      "has_chicken": "2024-06-02 10:45:44 +0000"
    },
    "done": true
  },
  "minecraft:recipes/decorations/soul_campfire": {
    "criteria": {
      "has_stick": "2024-06-02 10:47:09 +0000"
    },
    "done": true
  },
  "mcwtrpdoors:recipes/oak/oak_tropical_trapdoor": {
    "criteria": {
      "has_logs": "2024-06-02 10:45:15 +0000"
    },
    "done": true
  },
  "minecraft:story/smelt_iron": {
    "criteria": {
      "iron": "2024-06-02 11:54:42 +0000"
    },
    "done": true
  },
  "minecraft:recipes/tools/stone_axe": {
    "criteria": {
      "has_cobblestone": "2024-06-02 10:47:27 +0000"
    },
    "done": true
  },
  "minecraft:recipes/food/cooked_mutton": {
    "criteria": {
      "has_mutton": "2024-06-02 10:51:48 +0000"
    },
    "done": true
  },
  "croptopia:recipes/shaped_ajvar": {
    "criteria": {
      "has_bellpepper": "2024-06-02 11:54:01 +0000"
    },
    "done": true
  },
  "mcwtrpdoors:recipes/metal/metal_full_trapdoor": {
    "criteria": {
      "has_logs": "2024-06-02 11:54:42 +0000"
    },
    "done": true
  },
  "minecraft:recipes/decorations/light_gray_bed_from_white_bed": {
    "criteria": {
      "has_bed": "2024-06-02 10:59:32 +0000"
    },
    "done": true
  },
  "mcwtrpdoors:recipes/oak/oak_mystic_trapdoor": {
    "criteria": {
      "has_logs": "2024-06-02 10:45:15 +0000"
    },
    "done": true
  },
  "DataVersion": 3120
}